Gene_A	Gene_B	Score
HOXA11	HOXC10	0.4
HOXA11	HOXD13	0.418
HOXA11	HOXC8	0.42
HOXA11	HOXD10	0.432
HOXA11	SALL1	0.435
HOXA11	ZIC2	0.472
HOXA11	HOXA13	0.757
HOXA11	HOXA10	0.866
YBX2	DMRT1	0.46
YBX2	SOHLH1	0.897
KRT33A	SPRR2A	0.403
KRT33A	KRT9	0.439
KRT33A	KRT17	0.456
KRT33A	KRT14	0.46
KRT33A	KRT16	0.47
KRT33A	KRT32	0.485
KRT33A	DSG4	0.528
KRT33A	SPRR3	0.541
KRT33A	KRT34	0.707
KRT33A	KRT31	0.776
HOXC8	HOXC12	0.401
HOXC8	SHOX2	0.404
HOXC8	PAX6	0.409
HOXC8	HOXA10	0.415
HOXC8	HOXB9	0.421
HOXC8	DLX5	0.422
HOXC8	HOXC11	0.452
HOXC8	HOXC13	0.49
HOXC8	HOXC10	0.615
HOXC8	HOXC9	0.883
KRT14	SPRR3	0.408
KRT14	CLCA2	0.413
KRT14	TGM5	0.417
KRT14	SPRR1A	0.424
KRT14	KRT32	0.425
KRT14	KRT34	0.427
KRT14	HOXC13	0.437
KRT14	CALML3	0.442
KRT14	KRT31	0.446
KRT14	S100A7	0.455
KRT14	INA	0.464
KRT14	LYPD3	0.509
KRT14	TRIM29	0.519
KRT14	SOX2	0.52
KRT14	KRT9	0.537
KRT14	S100A2	0.553
KRT14	KRT6C	0.554
KRT14	COL7A1	0.557
KRT14	SPRR1B	0.564
KRT14	DSC3	0.565
KRT14	SERPINB5	0.566
KRT14	LGALS7	0.612
KRT14	IVL	0.702
KRT14	KRT3	0.709
KRT14	DSG1	0.717
KRT14	KRT6A	0.732
KRT14	PKP1	0.777
KRT14	DSG3	0.778
KRT14	KRT17	0.814
KRT14	KRT6B	0.835
KRT14	COL17A1	0.839
KRT14	KRT16	0.868
KRT14	KRT5	0.999
DMRT3	RDM1	0.423
DMRT3	LHX2	0.438
DMRT3	DMRTA2	0.444
DMRT3	FOXL2	0.464
DLL3	SOX2	0.453
DLL3	DLX1	0.466
DLL3	DLX2	0.492
MMP11	MYBL2	0.439
MMP11	MMP13	0.443
MMP11	COL11A1	0.732
MMP11	MMP1	0.772
MMP11	MMP10	0.78
MYBL2	SKA1	0.402
MYBL2	S100A7	0.403
MYBL2	SGO1	0.435
MYBL2	GTSE1	0.449
MYBL2	TICRR	0.457
MYBL2	NEK2	0.495
MYBL2	CDCA2	0.511
MYBL2	TROAP	0.526
MYBL2	DEPDC1	0.541
MYBL2	ASPM	0.543
MYBL2	SKA3	0.545
MYBL2	MCM10	0.557
MYBL2	PBK	0.563
MYBL2	SOX2	0.57
MYBL2	CDCA3	0.586
MYBL2	E2F7	0.586
MYBL2	KIF18B	0.589
MYBL2	CDC25C	0.591
MYBL2	HJURP	0.599
MYBL2	PKMYT1	0.621
MYBL2	CENPA	0.63
MYBL2	NUF2	0.631
MYBL2	EXO1	0.633
MYBL2	TTK	0.635
MYBL2	DLGAP5	0.646
MYBL2	BUB1B	0.655
MYBL2	RAD54L	0.683
MYBL2	KIF4A	0.692
MYBL2	CDC45	0.693
MYBL2	KIF2C	0.694
MYBL2	AURKB	0.704
MYBL2	KIF14	0.726
MYBL2	TPX2	0.747
MYBL2	UBE2C	0.773
MYBL2	TFAP2A	0.843
MYBL2	BIRC5	0.844
MYBL2	CDC20	0.865
MYBL2	MELK	0.894
MYBL2	FOXM1	0.998
CST4	CST1	0.929
GPR50	KRT74	0.442
TGM5	AMTN	0.408
TGM5	COL17A1	0.41
TGM5	GRHL3	0.437
TGM5	DSG1	0.443
TGM5	ALOXE3	0.472
TGM5	KLK8	0.504
TGM5	PKP1	0.586
TGM5	DSG4	0.669
TGM5	IVL	0.699
RHOV	DEPDC1B	0.571
SLC1A6	SLC15A1	0.486
CYP26A1	NR0B1	0.474
CYP26A1	SDR9C7	0.603
CYP26A1	UGT1A7	0.709
CYP26A1	UGT1A1	0.715
CYP26A1	UGT1A6	0.721
CYP26A1	STRA6	0.739
CYP26A1	ADH7	0.936
KRT32	HOXC12	0.418
KRT32	KRT17	0.423
KRT32	KRT16	0.442
KRT32	KRT34	0.49
KRT32	KRT31	0.51
KRT32	KRT9	0.558
IBSP	COL11A1	0.43
IBSP	NKX3-2	0.469
IBSP	TWIST1	0.507
IBSP	DLX2	0.516
IBSP	AMTN	0.539
IBSP	PTHLH	0.557
IBSP	DLX5	0.648
IBSP	MMP13	0.682
IBSP	MMP3	0.922
TLX2	LHX2	0.407
TLX2	DQX1	0.435
TLX2	LMO1	0.572
DLX2	POU4F1	0.402
DLX2	LHX5	0.44
DLX2	NKX3-2	0.471
DLX2	DLX5	0.493
DLX2	LHX2	0.535
DLX2	SOX2	0.554
DLX2	SP9	0.564
DLX2	SP8	0.624
DLX2	PAX6	0.808
DLX2	DLX1	0.877
KISS1R	NR0B1	0.4
KISS1R	NPSR1	0.432
KISS1R	NMU	0.557
GDA	SLCO6A1	0.424
GJA3	GJB6	0.42
GJA3	GJB5	0.427
GJA3	CALML3	0.514
GJA3	CALML5	0.514
GJA3	GJB3	0.54
GJA3	PAX6	0.564
GJA3	GJB4	0.744
GJA3	GJB2	0.957
TWIST1	DLX5	0.407
TWIST1	MMP1	0.415
TWIST1	MMP3	0.421
TWIST1	FOXM1	0.427
TWIST1	FOXD3	0.446
TWIST1	PAX3	0.455
TWIST1	HOXD10	0.457
TWIST1	HMGA2	0.49
TWIST1	BIRC5	0.577
TWIST1	SOX2	0.882
HOXC13	KRT31	0.404
HOXC13	KRT74	0.421
HOXC13	HOXC12	0.435
HOXC13	LHX2	0.47
HOXC13	DSG4	0.55
HOXC13	HOXC9	0.572
HOXC13	HOXC11	0.605
HOXC13	HOXC10	0.709
HOXC12	HOXA13	0.4
HOXC12	HOXC11	0.512
MAGEA9	MAGEA10	0.647
MAGEA9	MAGEA4	0.651
MAGEA10	MAGEA1	0.52
MAGEA10	PRAME	0.572
MAGEA10	CSAG1	0.58
MAGEA10	CSAG3	0.657
MAGEA10	MAGEA4	0.863
LYPD3	KRT5	0.42
LYPD3	SPRR1A	0.452
LYPD3	GPR87	0.496
H1-3	H3C8	0.445
H1-3	H2BC17	0.521
H1-3	H2BC8	0.543
H1-3	H3C7	0.548
H1-3	H2AC8	0.548
H1-3	H3C12	0.575
H1-3	H2BC7	0.577
H1-3	H3C2	0.607
H1-3	H2AC13	0.636
H1-3	H2BC9	0.639
H1-3	H4C5	0.776
H1-3	H1-5	0.911
KRT9	KRT34	0.433
KRT9	DSG3	0.455
KRT9	KRT31	0.468
KRT9	KRT17	0.494
KRT9	KRT16	0.547
KRT9	KRT6B	0.563
KRT9	HOXA13	0.577
DLGAP5	POLQ	0.431
DLGAP5	FAM72D	0.449
DLGAP5	FAM72C	0.454
DLGAP5	FAM72B	0.473
DLGAP5	E2F7	0.565
DLGAP5	TICRR	0.572
DLGAP5	NEIL3	0.672
DLGAP5	RAD54L	0.682
DLGAP5	PIMREG	0.726
DLGAP5	GTSE1	0.736
DLGAP5	MCM10	0.756
DLGAP5	TROAP	0.77
DLGAP5	EXO1	0.787
DLGAP5	SKA3	0.801
DLGAP5	SKA1	0.808
DLGAP5	KIF18B	0.818
DLGAP5	SGO1	0.849
DLGAP5	FOXM1	0.872
DLGAP5	DEPDC1B	0.878
DLGAP5	DEPDC1	0.881
DLGAP5	CDC25C	0.89
DLGAP5	CKAP2L	0.897
DLGAP5	CDCA2	0.898
DLGAP5	CDC45	0.921
DLGAP5	KIF14	0.933
DLGAP5	CENPA	0.945
DLGAP5	HJURP	0.946
DLGAP5	AURKB	0.95
DLGAP5	CDCA3	0.951
DLGAP5	KIF4A	0.962
DLGAP5	NEK2	0.963
DLGAP5	NUF2	0.964
DLGAP5	BIRC5	0.967
DLGAP5	UBE2C	0.968
DLGAP5	KIF2C	0.975
DLGAP5	TTK	0.977
DLGAP5	TPX2	0.978
DLGAP5	PBK	0.979
DLGAP5	CDC20	0.981
DLGAP5	BUB1B	0.981
DLGAP5	MELK	0.982
DLGAP5	ASPM	0.994
GNGT1	CNGB3	0.517
GNGT1	NMU	0.563
GNGT1	NPSR1	0.607
GNGT1	CACNA1B	0.689
GNGT1	GNG4	0.93
HOXD10	SERPINB4	0.438
HOXD10	HOXA13	0.456
HOXD10	HOXA10	0.507
HOXD10	HOXD12	0.58
HOXD10	HOXD13	0.808
HOXD10	HOXD11	0.999
HOXD11	HOXA13	0.413
HOXD11	H3C12	0.42
HOXD11	HOXA10	0.438
HOXD11	FOXD1	0.477
HOXD11	SALL1	0.592
HOXD11	HOXD13	0.788
PIMREG	NEIL3	0.413
PIMREG	SKA1	0.416
PIMREG	SGO1	0.433
PIMREG	SAPCD2	0.438
PIMREG	MCM10	0.444
PIMREG	EXO1	0.494
PIMREG	SKA3	0.504
PIMREG	FOXM1	0.507
PIMREG	KIF14	0.532
PIMREG	BUB1B	0.559
PIMREG	PBK	0.564
PIMREG	CKAP2L	0.571
PIMREG	CDC45	0.578
PIMREG	NEK2	0.586
PIMREG	CDC25C	0.593
PIMREG	TPX2	0.599
PIMREG	DEPDC1	0.612
PIMREG	GTSE1	0.623
PIMREG	TROAP	0.623
PIMREG	MELK	0.627
PIMREG	CDCA2	0.629
PIMREG	ASPM	0.63
PIMREG	UBE2C	0.65
PIMREG	KIF2C	0.676
PIMREG	TTK	0.683
PIMREG	KIF4A	0.687
PIMREG	BIRC5	0.689
PIMREG	NUF2	0.698
PIMREG	HJURP	0.71
PIMREG	CDC20	0.734
PIMREG	AURKB	0.737
PIMREG	CDCA3	0.834
PIMREG	CENPA	0.863
SALL1	OTX2	0.41
SALL1	PITX2	0.428
SALL1	PAX3	0.444
SALL1	TLX1	0.459
SALL1	FOXD1	0.488
SALL1	HOXD12	0.542
SALL1	SHOX2	0.612
SALL1	NKX2-5	0.622
SALL1	NKX3-2	0.653
SALL1	SOX2	0.891
KRT31	KRT17	0.428
KRT31	KRT16	0.444
KRT31	KRT34	0.527
KRT31	DSG4	0.53
KRT31	KRT6A	0.732
KRT5	MAGEA4	0.407
KRT5	TNS4	0.411
KRT5	S100A7	0.419
KRT5	UPK1B	0.425
KRT5	KRT77	0.441
KRT5	KRT74	0.445
KRT5	KLK6	0.454
KRT5	SPRR1B	0.477
KRT5	FAT2	0.488
KRT5	KRT75	0.49
KRT5	KRT78	0.492
KRT5	DSG1	0.494
KRT5	CLCA2	0.504
KRT5	GJB5	0.506
KRT5	SERPINB13	0.516
KRT5	COL7A1	0.53
KRT5	SERPINB5	0.618
KRT5	LGALS7	0.62
KRT5	IVL	0.642
KRT5	CALML3	0.647
KRT5	DSG3	0.649
KRT5	S100A2	0.672
KRT5	SOX2	0.673
KRT5	DSC3	0.706
KRT5	KRT6C	0.723
KRT5	KRT3	0.775
KRT5	COL17A1	0.799
KRT5	TRIM29	0.802
KRT5	PKP1	0.835
KRT5	KRT16	0.861
KRT5	KRT6B	0.861
KRT5	KRT17	0.866
KRT5	KRT6A	0.915
KRT75	RDM1	0.401
KRT75	KRT17	0.422
KRT75	KRT77	0.429
KRT75	KRT78	0.445
KRT75	KRT16	0.458
KRT75	KRT6C	0.469
KRT75	KRT74	0.488
KRT75	KRT6A	0.505
KRT75	KRT3	0.52
KRT75	KRT6B	0.555
KRT75	KRT34	0.717
KRT6C	DSG1	0.416
KRT6C	SPRR2D	0.416
KRT6C	SERPINB3	0.429
KRT6C	KRT3	0.43
KRT6C	KRT74	0.432
KRT6C	S100A7	0.464
KRT6C	SPRR3	0.465
KRT6C	SPRR2A	0.472
KRT6C	SPRR2E	0.48
KRT6C	KRT78	0.498
KRT6C	KRT16	0.502
KRT6C	SERPINB13	0.503
KRT6C	KRT77	0.58
KRT6C	SPRR1B	0.648
KRT6C	KRT6A	0.71
KRT6C	KRT6B	0.772
KRT6B	TMPRSS11D	0.414
KRT6B	S100A7A	0.415
KRT6B	IVL	0.422
KRT6B	SPRR2E	0.432
KRT6B	KRT3	0.432
KRT6B	KRT74	0.433
KRT6B	COL17A1	0.439
KRT6B	KRT77	0.447
KRT6B	RHCG	0.448
KRT6B	CLCA2	0.458
KRT6B	KRT78	0.495
KRT6B	DSG1	0.499
KRT6B	KLK8	0.508
KRT6B	SPRR2D	0.509
KRT6B	DSC3	0.535
KRT6B	S100A2	0.539
KRT6B	KLK6	0.542
KRT6B	SERPINB3	0.543
KRT6B	SPRR2A	0.544
KRT6B	TRIM29	0.545
KRT6B	SERPINB5	0.552
KRT6B	LGALS7	0.568
KRT6B	SERPINB4	0.569
KRT6B	SERPINB13	0.6
KRT6B	SPRR3	0.607
KRT6B	PKP1	0.628
KRT6B	S100A7	0.632
KRT6B	SPRR1A	0.665
KRT6B	SPRR1B	0.741
KRT6B	DSG3	0.786
KRT6B	KRT17	0.874
KRT6B	KRT6A	0.886
KRT6B	KRT16	0.938
C1QL1	C1QL4	0.456
BARX1	DLX1	0.41
BARX1	NKX3-2	0.652
SLCO1B1	SLCO1B3	0.403
SLCO1B1	ATP4A	0.46
SLCO1B1	SLC15A1	0.526
SLCO1B1	UGT1A7	0.796
SLCO1B1	UGT1A6	0.803
SLCO1B1	UGT1A1	0.927
DSG3	CLCA2	0.428
DSG3	KRT17	0.497
DSG3	SPRR2F	0.499
DSG3	SERPINB13	0.521
DSG3	SPRR2G	0.524
DSG3	SPRR2D	0.537
DSG3	SERPINB5	0.539
DSG3	SPRR2A	0.546
DSG3	GJB5	0.547
DSG3	SPRR2E	0.551
DSG3	RPTN	0.57
DSG3	KRT16	0.57
DSG3	TRIM29	0.641
DSG3	KRT6A	0.68
DSG3	A2ML1	0.683
DSG3	IVL	0.702
DSG3	SPRR3	0.702
DSG3	DSG4	0.711
DSG3	SPRR1A	0.713
DSG3	SPRR1B	0.77
DSG3	DSC1	0.806
DSG3	COL17A1	0.815
DSG3	DSG1	0.832
DSG3	DSC3	0.934
DSG3	PKP1	0.951
DSG1	S100A7	0.426
DSG1	SERPINB7	0.43
DSG1	KRT6A	0.455
DSG1	SBSN	0.484
DSG1	KRT16	0.507
DSG1	KLK6	0.553
DSG1	SPRR2F	0.576
DSG1	SERPINB12	0.582
DSG1	CASP14	0.592
DSG1	A2ML1	0.608
DSG1	KPRP	0.608
DSG1	SPRR2D	0.611
DSG1	RPTN	0.628
DSG1	SPRR2E	0.636
DSG1	SPRR2A	0.644
DSG1	SPRR1A	0.651
DSG1	SPRR2G	0.672
DSG1	SPRR3	0.677
DSG1	SPRR1B	0.686
DSG1	DSG4	0.724
DSG1	COL17A1	0.783
DSG1	IVL	0.799
DSG1	DSC3	0.933
DSG1	PKP1	0.994
DSG1	DSC1	0.998
DSC1	SERPINB7	0.423
DSC1	KPRP	0.432
DSC1	COL17A1	0.472
DSC1	SPRR2F	0.499
DSC1	SPRR2D	0.504
DSC1	KLK6	0.508
DSC1	SPRR2E	0.511
DSC1	A2ML1	0.533
DSC1	SPRR3	0.55
DSC1	DSC3	0.57
DSC1	SERPINB12	0.573
DSC1	SPRR2A	0.576
DSC1	RPTN	0.579
DSC1	SPRR2G	0.61
DSC1	DSG4	0.613
DSC1	CASP14	0.617
DSC1	SPRR1B	0.624
DSC1	SPRR1A	0.658
DSC1	IVL	0.752
DSC1	PKP1	0.905
TROAP	MCM10	0.405
TROAP	SGO1	0.434
TROAP	DEPDC1B	0.44
TROAP	POLQ	0.487
TROAP	DEPDC1	0.494
TROAP	SKA3	0.502
TROAP	RAD54L	0.503
TROAP	NUF2	0.514
TROAP	PBK	0.546
TROAP	CDC45	0.554
TROAP	NEIL3	0.574
TROAP	PKMYT1	0.635
TROAP	CKAP2L	0.635
TROAP	CENPA	0.656
TROAP	CDC25C	0.657
TROAP	TTK	0.658
TROAP	KIF14	0.658
TROAP	TPX2	0.676
TROAP	NEK2	0.686
TROAP	GTSE1	0.7
TROAP	CDCA2	0.705
TROAP	TICRR	0.713
TROAP	MELK	0.719
TROAP	BUB1B	0.753
TROAP	BIRC5	0.754
TROAP	ASPM	0.764
TROAP	UBE2C	0.778
TROAP	CDC20	0.827
TROAP	FOXM1	0.828
TROAP	KIF2C	0.833
TROAP	KIF4A	0.836
TROAP	AURKB	0.836
TROAP	CDCA3	0.857
TROAP	KIF18B	0.906
TROAP	HJURP	0.918
EMX1	SOX2	0.401
EMX1	OTX1	0.409
EMX1	DMRTA2	0.417
EMX1	OTX2	0.418
EMX1	DLX1	0.48
EMX1	LHX5	0.489
EMX1	PAX6	0.494
EMX1	SP8	0.501
IGF2BP3	SKA3	0.41
IGF2BP3	NUF2	0.423
IGF2BP3	ASPM	0.439
IGF2BP3	DEPDC1	0.479
IGF2BP3	KIF14	0.482
IGF2BP3	LY6K	0.624
IGF2BP3	TTK	0.691
IGF2BP3	HMGA2	0.909
IGF2BP3	IGF2BP1	0.984
IL36G	SPRR2D	0.403
IL36G	KRT16	0.419
IL36G	SPRR1A	0.439
IL36G	LCE3D	0.522
IL36G	SERPINB4	0.532
IL36G	S100A7A	0.545
IL36G	S100A7	0.574
IL36G	IL36RN	0.864
IL36RN	S100A7A	0.413
IL36RN	IVL	0.415
IL36RN	CRCT1	0.425
IL36RN	S100A7	0.484
IL36RN	LCE3D	0.56
IL36RN	IL1RAPL2	0.575
C6orf15	H3C12	0.413
C6orf15	KPRP	0.505
MMP13	COL7A1	0.506
MMP13	MMP12	0.539
MMP13	MMP3	0.557
MMP13	COL11A1	0.609
MMP13	PTHLH	0.626
MMP13	MMP10	0.66
MMP13	MMP1	0.674
GPR87	CLCA2	0.404
GPR87	ADGRF4	0.414
GPR87	KRT6A	0.425
SLCO1B3	FOXM1	0.42
SLCO1B3	SLC15A1	0.492
SLCO1B3	UGT1A7	0.655
SLCO1B3	UGT1A6	0.685
SLCO1B3	UGT1A1	0.877
LHX5	DLX5	0.402
LHX5	FOXD3	0.406
LHX5	TLX3	0.438
LHX5	ZIC2	0.479
LHX5	FEZF1	0.551
CHRNB4	SLC18A3	0.433
FAT2	SERPINB13	0.408
FAT2	GJB5	0.479
FAT2	PKP1	0.561
PKMYT1	HJURP	0.404
PKMYT1	NUF2	0.406
PKMYT1	TPX2	0.416
PKMYT1	SKA1	0.417
PKMYT1	KIF4A	0.424
PKMYT1	TEDC2	0.448
PKMYT1	PBK	0.448
PKMYT1	MCM10	0.466
PKMYT1	MELK	0.472
PKMYT1	CDCA3	0.485
PKMYT1	NEK2	0.513
PKMYT1	EXO1	0.529
PKMYT1	BIRC5	0.532
PKMYT1	AURKB	0.547
PKMYT1	KIF2C	0.553
PKMYT1	GTSE1	0.572
PKMYT1	FOXM1	0.59
PKMYT1	UBE2C	0.617
PKMYT1	BUB1B	0.642
PKMYT1	RAD54L	0.683
PKMYT1	CDC45	0.736
PKMYT1	CDC25C	0.822
PKMYT1	CDC20	0.83
ATP4A	UGT1A7	0.413
ATP4A	UGT1A6	0.42
ATP4A	UGT1A1	0.42
ATP4A	CA9	0.425
ATP4A	KLK8	0.428
ATP4A	GAST	0.935
SGO1	CDC45	0.445
SGO1	TICRR	0.464
SGO1	DEPDC1B	0.482
SGO1	DEPDC1	0.498
SGO1	MCM10	0.507
SGO1	H3C12	0.512
SGO1	NEIL3	0.529
SGO1	FOXM1	0.537
SGO1	CDC25C	0.546
SGO1	UBE2C	0.575
SGO1	KIF18B	0.592
SGO1	EXO1	0.593
SGO1	GTSE1	0.597
SGO1	KIF14	0.603
SGO1	TPX2	0.611
SGO1	KIF4A	0.698
SGO1	SKA3	0.716
SGO1	CDCA3	0.717
SGO1	MELK	0.733
SGO1	ASPM	0.734
SGO1	CKAP2L	0.747
SGO1	CDCA2	0.75
SGO1	PBK	0.755
SGO1	HJURP	0.761
SGO1	BIRC5	0.775
SGO1	SKA1	0.778
SGO1	TTK	0.837
SGO1	NEK2	0.85
SGO1	NUF2	0.858
SGO1	CENPA	0.88
SGO1	KIF2C	0.928
SGO1	AURKB	0.969
SGO1	BUB1B	0.974
SGO1	CDC20	0.986
PKP1	CASP14	0.418
PKP1	GRHL3	0.421
PKP1	SERPINB3	0.436
PKP1	SERPINB13	0.441
PKP1	COL17A1	0.454
PKP1	CLCA2	0.46
PKP1	CALML3	0.464
PKP1	KRT17	0.47
PKP1	SERPINB12	0.473
PKP1	RPTN	0.53
PKP1	GJB5	0.544
PKP1	SPRR2E	0.555
PKP1	SERPINB5	0.56
PKP1	SPRR2G	0.566
PKP1	KRT16	0.576
PKP1	KRT6A	0.58
PKP1	GJB2	0.582
PKP1	TRIM29	0.583
PKP1	SPRR2D	0.613
PKP1	SPRR2A	0.618
PKP1	SPRR2F	0.618
PKP1	SPRR3	0.639
PKP1	GJB3	0.699
PKP1	SPRR1A	0.723
PKP1	SPRR1B	0.756
PKP1	IVL	0.765
PKP1	DSG4	0.803
PKP1	DSC3	0.894
NMU	GAST	0.521
NMU	NPSR1	0.607
NMU	GNG4	0.609
NMU	GAL	0.886
POLQ	SKA3	0.422
POLQ	FOXM1	0.424
POLQ	TTK	0.432
POLQ	KIF4A	0.443
POLQ	E2F7	0.467
POLQ	KIF2C	0.474
POLQ	KIF14	0.493
POLQ	CKAP2L	0.494
POLQ	MELK	0.499
POLQ	RAD54L	0.504
POLQ	BUB1B	0.508
POLQ	ASPM	0.533
POLQ	HJURP	0.546
POLQ	TICRR	0.565
POLQ	MCM10	0.589
POLQ	CDC45	0.613
POLQ	NEIL3	0.755
POLQ	EXO1	0.805
UPK1B	SERPINB3	0.405
UPK1B	SERPINB4	0.411
UPK1B	SERPINB13	0.423
UPK1B	KRT6A	0.429
UPK1B	COL7A1	0.437
UPK1B	PTPRH	0.451
UPK1B	BNC1	0.469
NEIL3	UBE2C	0.4
NEIL3	TICRR	0.408
NEIL3	CKAP2L	0.413
NEIL3	AURKB	0.413
NEIL3	FOXM1	0.414
NEIL3	E2F7	0.42
NEIL3	TPX2	0.465
NEIL3	CDC20	0.476
NEIL3	SKA3	0.503
NEIL3	ASPM	0.509
NEIL3	H2BC9	0.517
NEIL3	H2BC17	0.522
NEIL3	CDC25C	0.525
NEIL3	H2AC8	0.525
NEIL3	CENPA	0.537
NEIL3	DEPDC1B	0.538
NEIL3	KIF18B	0.544
NEIL3	NUF2	0.549
NEIL3	RAD54L	0.55
NEIL3	PBK	0.557
NEIL3	KIF2C	0.558
NEIL3	SKA1	0.565
NEIL3	CDCA3	0.568
NEIL3	HJURP	0.574
NEIL3	KIF14	0.61
NEIL3	CDC45	0.614
NEIL3	MCM10	0.618
NEIL3	TTK	0.63
NEIL3	BUB1B	0.637
NEIL3	NEK2	0.704
NEIL3	MELK	0.712
NEIL3	DEPDC1	0.712
NEIL3	BIRC5	0.724
NEIL3	KIF4A	0.75
NEIL3	EXO1	0.85
DEPDC1B	TICRR	0.412
DEPDC1B	KIF18B	0.413
DEPDC1B	CDC45	0.426
DEPDC1B	FAM72B	0.428
DEPDC1B	GTSE1	0.44
DEPDC1B	CDC25C	0.482
DEPDC1B	EXO1	0.497
DEPDC1B	FOXM1	0.508
DEPDC1B	HJURP	0.526
DEPDC1B	CDC20	0.534
DEPDC1B	UBE2C	0.537
DEPDC1B	SKA1	0.54
DEPDC1B	CDCA3	0.566
DEPDC1B	KIF4A	0.597
DEPDC1B	CENPA	0.597
DEPDC1B	SKA3	0.601
DEPDC1B	TTK	0.62
DEPDC1B	CKAP2L	0.645
DEPDC1B	ASPM	0.651
DEPDC1B	KIF2C	0.654
DEPDC1B	TPX2	0.659
DEPDC1B	MELK	0.666
DEPDC1B	AURKB	0.682
DEPDC1B	MCM10	0.701
DEPDC1B	BIRC5	0.709
DEPDC1B	NEK2	0.723
DEPDC1B	CDCA2	0.723
DEPDC1B	PBK	0.741
DEPDC1B	BUB1B	0.797
DEPDC1B	DEPDC1	0.798
DEPDC1B	NUF2	0.81
DEPDC1B	KIF14	0.822
PITX1	ZIC2	0.403
PITX1	HOXC11	0.408
PITX1	HOXC10	0.414
PITX1	RASAL1	0.459
PITX1	SOX2	0.607
GAL	GAST	0.507
GAL	SLC18A3	0.673
ZIC5	OTX2	0.501
ZIC5	FOXD3	0.507
ZIC5	ZIC2	0.721
RHCG	SPRR1A	0.449
RHCG	TICRR	0.467
RHCG	CA9	0.516
RHCG	SLC9A4	0.554
TICRR	SKA1	0.4
TICRR	CKAP2L	0.408
TICRR	NEK2	0.41
TICRR	CENPA	0.412
TICRR	NUF2	0.426
TICRR	BIRC5	0.448
TICRR	UBE2C	0.461
TICRR	CDCA3	0.469
TICRR	AURKB	0.49
TICRR	E2F7	0.49
TICRR	FOXM1	0.492
TICRR	GTSE1	0.494
TICRR	TPX2	0.502
TICRR	MELK	0.506
TICRR	CDC25C	0.509
TICRR	HJURP	0.516
TICRR	SKA3	0.55
TICRR	ASPM	0.551
TICRR	PBK	0.553
TICRR	CDC20	0.559
TICRR	TTK	0.563
TICRR	BUB1B	0.566
TICRR	CDCA2	0.589
TICRR	KIF2C	0.6
TICRR	KIF4A	0.617
TICRR	RAD54L	0.658
TICRR	EXO1	0.781
TICRR	MCM10	0.972
TICRR	CDC45	0.988
SERPINB13	GJB5	0.404
SERPINB13	ADH7	0.42
SERPINB13	KRT77	0.434
SERPINB13	DSC3	0.439
SERPINB13	SPRR4	0.453
SERPINB13	SPRR2G	0.458
SERPINB13	CERS3	0.459
SERPINB13	SPRR3	0.486
SERPINB13	KLK6	0.492
SERPINB13	SPRR1B	0.496
SERPINB13	S100A2	0.509
SERPINB13	SPRR1A	0.512
SERPINB13	TMPRSS11D	0.517
SERPINB13	SERPINB4	0.528
SERPINB13	CLCA2	0.544
SERPINB13	S100A7	0.558
SERPINB13	KRT6A	0.649
SERPINB13	SERPINB3	0.779
NUF2	E2F7	0.461
NUF2	H3C12	0.473
NUF2	RAD54L	0.506
NUF2	GTSE1	0.531
NUF2	SLCO6A1	0.554
NUF2	MCM10	0.595
NUF2	CDC25C	0.66
NUF2	FOXM1	0.689
NUF2	LY6K	0.709
NUF2	KIF18B	0.729
NUF2	CKAP2L	0.765
NUF2	CDC45	0.816
NUF2	CDCA3	0.844
NUF2	KIF14	0.872
NUF2	CDCA2	0.886
NUF2	UBE2C	0.887
NUF2	HJURP	0.89
NUF2	SKA3	0.893
NUF2	DEPDC1	0.898
NUF2	EXO1	0.899
NUF2	KIF4A	0.911
NUF2	KIF2C	0.935
NUF2	CENPA	0.936
NUF2	MELK	0.936
NUF2	SKA1	0.939
NUF2	TPX2	0.947
NUF2	BIRC5	0.949
NUF2	AURKB	0.95
NUF2	NEK2	0.952
NUF2	PBK	0.96
NUF2	CDC20	0.962
NUF2	BUB1B	0.98
NUF2	ASPM	0.98
NUF2	TTK	0.989
ABCA12	IVL	0.464
ABCA12	CASP14	0.545
ABCA12	SDR9C7	0.651
ABCA12	CERS3	0.722
ABCA12	ALOXE3	0.806
STXBP5L	RIMS2	0.44
HTR2C	GNG4	0.453
HTR2C	SERPINB3	0.546
HTR2C	GABRA3	0.547
MMP10	IGF2BP1	0.408
MMP10	CA9	0.517
MMP10	COL7A1	0.667
MMP10	MMP1	0.789
MMP10	MMP3	0.973
SERPINB3	KRT17	0.403
SERPINB3	S100A7A	0.422
SERPINB3	S100A2	0.425
SERPINB3	LGALS7	0.431
SERPINB3	SPRR3	0.448
SERPINB3	IVL	0.476
SERPINB3	CASP14	0.502
SERPINB3	SERPINB5	0.509
SERPINB3	KRT16	0.526
SERPINB3	SPRR1B	0.543
SERPINB3	KRT6A	0.588
SERPINB3	S100A7	0.757
SERPINB3	SERPINB4	0.999
TMPRSS11D	SPRR3	0.401
TMPRSS11D	TMPRSS4	0.437
TMPRSS11D	SERPINB4	0.478
TMPRSS11D	TMPRSS11A	0.525
HOXA10	PAX6	0.406
HOXA10	HOXA13	0.784
CERS3	CASP14	0.544
CERS3	SDR9C7	0.652
CERS3	ALOXE3	0.735
SKA1	CDC45	0.464
SKA1	RAD54L	0.56
SKA1	CKAP2L	0.59
SKA1	DEPDC1	0.596
SKA1	CDC25C	0.599
SKA1	KIF18B	0.6
SKA1	GTSE1	0.61
SKA1	TPX2	0.611
SKA1	UBE2C	0.613
SKA1	PPP2R2C	0.625
SKA1	FOXM1	0.638
SKA1	ASPM	0.649
SKA1	CDCA2	0.654
SKA1	EXO1	0.678
SKA1	NEK2	0.693
SKA1	MCM10	0.714
SKA1	HJURP	0.721
SKA1	TTK	0.731
SKA1	KIF14	0.732
SKA1	KIF4A	0.744
SKA1	BIRC5	0.752
SKA1	CDCA3	0.772
SKA1	PBK	0.773
SKA1	MELK	0.816
SKA1	KIF2C	0.838
SKA1	CENPA	0.843
SKA1	AURKB	0.883
SKA1	CDC20	0.933
SKA1	BUB1B	0.976
SKA1	SKA3	0.999
BUB1B	H2BW1	0.409
BUB1B	H2BC17	0.427
BUB1B	H2BC9	0.435
BUB1B	FAM72D	0.438
BUB1B	FAM72B	0.476
BUB1B	CKAP2L	0.537
BUB1B	E2F7	0.606
BUB1B	GTSE1	0.617
BUB1B	H3C12	0.628
BUB1B	RAD54L	0.745
BUB1B	MCM10	0.766
BUB1B	EXO1	0.807
BUB1B	CDC25C	0.809
BUB1B	CDC45	0.817
BUB1B	KIF18B	0.838
BUB1B	DEPDC1	0.85
BUB1B	KIF14	0.878
BUB1B	CDCA3	0.886
BUB1B	HJURP	0.897
BUB1B	CDCA2	0.916
BUB1B	TPX2	0.936
BUB1B	PBK	0.937
BUB1B	FOXM1	0.944
BUB1B	MELK	0.953
BUB1B	KIF4A	0.968
BUB1B	ASPM	0.974
BUB1B	SKA3	0.976
BUB1B	CENPA	0.985
BUB1B	BIRC5	0.987
BUB1B	KIF2C	0.991
BUB1B	TTK	0.991
BUB1B	UBE2C	0.991
BUB1B	NEK2	0.999
BUB1B	AURKB	0.999
BUB1B	CDC20	0.999
GRHL3	SPRR1A	0.4
GRHL3	SBSN	0.406
GRHL3	SPRR1B	0.407
GRHL3	TFAP2A	0.423
GRHL3	FOXE1	0.446
GRHL3	PAX3	0.55
HOXB13	HOXB9	0.406
HOXB13	SLC30A10	0.411
HOXB13	HOXC10	0.509
IGF2BP1	FOXM1	0.405
IGF2BP1	HMGA2	0.84
PGLYRP3	KRT78	0.463
PGLYRP3	IVL	0.593
PGLYRP3	PGLYRP4	0.944
LY6K	LY6D	0.46
LY6K	FOXM1	0.498
LY6K	TTK	0.697
LY6K	DEPDC1	0.707
SDR9C7	STRA6	0.591
SDR9C7	CASP14	0.622
SDR9C7	ALOXE3	0.689
FGF11	FGF19	0.528
FGF19	TERT	0.432
EN1	SOX2	0.414
EN1	OTX2	0.456
EN1	PAX6	0.726
PTPRN	SLC30A10	0.932
TLX3	HOXD13	0.416
TLX3	POU4F1	0.508
TLX3	PRDM13	0.527
TLX3	LMO1	0.824
EN2	LHX2	0.453
MELK	E2F7	0.531
MELK	RAD54L	0.649
MELK	CDCA2	0.662
MELK	KIF18B	0.68
MELK	SKA3	0.718
MELK	GTSE1	0.746
MELK	DEPDC1	0.751
MELK	CDC25C	0.821
MELK	NEK2	0.822
MELK	KIF14	0.854
MELK	MCM10	0.861
MELK	CDCA3	0.872
MELK	CDC45	0.876
MELK	CENPA	0.882
MELK	EXO1	0.9
MELK	AURKB	0.902
MELK	CKAP2L	0.912
MELK	HJURP	0.924
MELK	TTK	0.931
MELK	KIF2C	0.935
MELK	ASPM	0.946
MELK	UBE2C	0.948
MELK	TPX2	0.958
MELK	PBK	0.963
MELK	KIF4A	0.964
MELK	CDC20	0.964
MELK	BIRC5	0.965
MELK	FOXM1	0.973
NGB	GPX2	0.488
RNASE7	S100A7A	0.431
RNASE7	LCE3D	0.453
RNASE7	S100A7	0.813
A2ML1	COL17A1	0.403
A2ML1	SPRR1B	0.426
A2ML1	DSC3	0.43
A2ML1	KLK6	0.77
MMP3	COL11A1	0.443
MMP3	COL7A1	0.557
MMP3	MMP12	0.764
MMP3	MMP1	0.985
TPX2	E2F7	0.421
TPX2	SLCO6A1	0.461
TPX2	RAD54L	0.633
TPX2	CDC25C	0.644
TPX2	KIF18B	0.683
TPX2	GTSE1	0.687
TPX2	CKAP2L	0.756
TPX2	CDC45	0.766
TPX2	SKA3	0.791
TPX2	MCM10	0.795
TPX2	EXO1	0.807
TPX2	CDCA2	0.81
TPX2	CDCA3	0.881
TPX2	CENPA	0.882
TPX2	HJURP	0.892
TPX2	KIF14	0.903
TPX2	DEPDC1	0.903
TPX2	FOXM1	0.932
TPX2	TTK	0.935
TPX2	AURKB	0.94
TPX2	NEK2	0.942
TPX2	PBK	0.945
TPX2	ASPM	0.949
TPX2	BIRC5	0.952
TPX2	CDC20	0.961
TPX2	KIF4A	0.965
TPX2	UBE2C	0.965
TPX2	KIF2C	0.999
LY6D	KRT16	0.495
LY6D	TRIM29	0.565
BIRC5	CASP14	0.517
BIRC5	E2F7	0.58
BIRC5	CKAP2L	0.581
BIRC5	SOX2	0.586
BIRC5	SKA3	0.594
BIRC5	RAD54L	0.655
BIRC5	CDCA2	0.658
BIRC5	MCM10	0.685
BIRC5	KIF14	0.741
BIRC5	H3C12	0.784
BIRC5	CDC25C	0.787
BIRC5	KIF18B	0.82
BIRC5	DEPDC1	0.821
BIRC5	EXO1	0.823
BIRC5	GTSE1	0.852
BIRC5	CDC45	0.873
BIRC5	ASPM	0.879
BIRC5	HJURP	0.912
BIRC5	KIF4A	0.925
BIRC5	TTK	0.936
BIRC5	NEK2	0.94
BIRC5	CENPA	0.955
BIRC5	FOXM1	0.958
BIRC5	CDCA3	0.96
BIRC5	KIF2C	0.972
BIRC5	PBK	0.978
BIRC5	UBE2C	0.992
BIRC5	CDC20	0.995
BIRC5	AURKB	0.999
KRT16	COL17A1	0.43
KRT16	KRT34	0.438
KRT16	KLK8	0.45
KRT16	TRIM29	0.453
KRT16	KLK6	0.469
KRT16	SPRR2A	0.472
KRT16	SERPINB4	0.48
KRT16	SBSN	0.489
KRT16	DSC3	0.499
KRT16	SPRR2D	0.5
KRT16	S100A2	0.555
KRT16	SPRR3	0.582
KRT16	LGALS7	0.585
KRT16	S100A7A	0.619
KRT16	SPRR1A	0.638
KRT16	IVL	0.677
KRT16	SPRR1B	0.687
KRT16	S100A7	0.818
KRT16	KRT17	0.88
KRT16	KRT6A	0.928
ZNF280A	PRAME	0.669
UGT1A6	SLCO6A1	0.427
UGT1A6	AKR1B10	0.554
UGT1A6	GPX2	0.568
UGT1A6	ADH7	0.745
UGT1A6	UGT1A7	0.994
UGT1A6	UGT1A1	0.998
H2AC8	H2BW1	0.47
H2AC8	H1-5	0.751
H2AC8	TERT	0.805
H2AC8	SOX2	0.811
H2AC8	H2BC8	0.878
H2AC8	H2BC7	0.939
H2AC8	H2BC9	0.949
H2AC8	H2AC13	0.969
H2AC8	H3C8	0.98
H2AC8	H3C2	0.98
H2AC8	H2BC17	0.985
H2AC8	H3C7	0.988
H2AC8	CENPA	0.993
H2AC8	H4C5	0.996
H2AC8	H3C12	0.998
UGT1A1	SLCO6A1	0.427
UGT1A1	GPX2	0.442
UGT1A1	ADH7	0.722
UGT1A1	UGT1A7	0.994
CKAP2L	RAD54L	0.467
CKAP2L	E2F7	0.473
CKAP2L	FOXM1	0.498
CKAP2L	EXO1	0.545
CKAP2L	UBE2C	0.575
CKAP2L	MCM10	0.581
CKAP2L	CDC20	0.618
CKAP2L	NEK2	0.618
CKAP2L	KIF18B	0.622
CKAP2L	TTK	0.652
CKAP2L	DEPDC1	0.652
CKAP2L	CDC25C	0.686
CKAP2L	GTSE1	0.736
CKAP2L	AURKB	0.737
CKAP2L	CDC45	0.752
CKAP2L	PBK	0.775
CKAP2L	SKA3	0.784
CKAP2L	KIF2C	0.795
CKAP2L	CDCA3	0.8
CKAP2L	CENPA	0.829
CKAP2L	KIF4A	0.843
CKAP2L	KIF14	0.852
CKAP2L	CDCA2	0.871
CKAP2L	ASPM	0.883
CKAP2L	HJURP	0.913
KRT78	SPRR1B	0.404
KRT78	SPRR2A	0.406
KRT78	TMPRSS11E	0.411
KRT78	KRT74	0.432
KRT78	SERPINB12	0.44
KRT78	SPRR2D	0.443
KRT78	CRCT1	0.444
KRT78	KRT3	0.467
KRT78	SPRR1A	0.481
KRT78	KRT77	0.484
KRT78	SPRR2E	0.486
KRT78	SPRR3	0.505
KRT78	SBSN	0.514
KRT78	KRT6A	0.517
KRT78	LCE3D	0.541
KRT78	KPRP	0.791
SPRR1B	SPRR4	0.447
SPRR1B	CLCA2	0.451
SPRR1B	SBSN	0.474
SPRR1B	S100A2	0.483
SPRR1B	KRT17	0.485
SPRR1B	DSG4	0.513
SPRR1B	CASP14	0.535
SPRR1B	LCE1C	0.606
SPRR1B	S100A7	0.691
SPRR1B	RPTN	0.694
SPRR1B	CRCT1	0.697
SPRR1B	DSC3	0.699
SPRR1B	KLK6	0.707
SPRR1B	LCE3D	0.839
SPRR1B	KRT6A	0.882
SPRR1B	SPRR3	0.892
SPRR1B	SPRR2F	0.894
SPRR1B	SPRR2G	0.896
SPRR1B	SPRR2E	0.929
SPRR1B	SPRR2D	0.937
SPRR1B	SPRR2A	0.938
SPRR1B	IVL	0.967
SPRR1B	SPRR1A	0.999
BNC1	IVL	0.406
KRT74	KRT3	0.415
KRT74	KRT34	0.416
KRT74	KRT6A	0.44
KRT74	DSG4	0.443
KRT74	KRT77	0.483
HOXC10	HOXC11	0.871
HOXC10	HOXC9	0.9
TMPRSS11E	TMPRSS4	0.423
KRT17	SPRR1A	0.405
KRT17	S100A7	0.419
KRT17	LGALS7	0.425
KRT17	IVL	0.427
KRT17	KRT34	0.427
KRT17	DSC3	0.431
KRT17	COL17A1	0.434
KRT17	COL7A1	0.454
KRT17	TRIM29	0.588
KRT17	S100A2	0.599
KRT17	SERPINB5	0.627
KRT17	KRT6A	0.811
HOXB9	FOXD3	0.431
HOXB9	OTX2	0.431
DAPL1	NPSR1	0.518
TERT	FOXM1	0.452
TERT	DMRT1	0.53
TERT	H3C2	0.544
TERT	OTX1	0.553
TERT	H3C12	0.575
TERT	EXO1	0.604
TERT	FOXE1	0.67
TERT	SOX2	0.752
TERT	H2AC13	0.806
TERT	H2BC7	0.807
TERT	H2BC8	0.807
NETO1	CAPNS2	0.515
AURKB	H2BW1	0.461
AURKB	H2BC17	0.476
AURKB	H2BC9	0.484
AURKB	E2F7	0.492
AURKB	RAD54L	0.564
AURKB	DEPDC1	0.569
AURKB	SLCO6A1	0.672
AURKB	MCM10	0.73
AURKB	KIF18B	0.752
AURKB	CDCA2	0.756
AURKB	NEK2	0.783
AURKB	TTK	0.784
AURKB	SKA3	0.785
AURKB	PBK	0.791
AURKB	EXO1	0.797
AURKB	KIF14	0.832
AURKB	GTSE1	0.841
AURKB	CDC25C	0.843
AURKB	FOXM1	0.889
AURKB	ASPM	0.89
AURKB	H3C12	0.909
AURKB	CDC45	0.926
AURKB	HJURP	0.927
AURKB	CDCA3	0.933
AURKB	KIF4A	0.942
AURKB	UBE2C	0.955
AURKB	KIF2C	0.996
AURKB	CENPA	0.997
AURKB	CDC20	0.998
ALOXE3	CASP14	0.587
CALML3	CLCA4	0.4
CALML3	RAB3B	0.423
CALML3	GPX2	0.425
CALML3	H3C12	0.448
CALML3	CASKIN1	0.448
CALML3	CLCA2	0.485
CALML3	SLCO6A1	0.518
CALML3	PNCK	0.565
CALML3	ASPM	0.593
CALML3	CACNA1B	0.776
CALML3	STRA6	0.8
CALML3	CALML5	0.967
CNGB3	SLC24A2	0.44
RPTN	S100A7	0.408
RPTN	SPRR2F	0.51
RPTN	SPRR4	0.513
RPTN	DSG4	0.553
RPTN	DSC3	0.556
RPTN	KPRP	0.584
RPTN	SPRR2D	0.605
RPTN	CASP14	0.607
RPTN	SPRR2E	0.683
RPTN	SPRR3	0.704
RPTN	LCE1C	0.721
RPTN	SPRR1A	0.723
RPTN	SPRR2G	0.732
RPTN	SPRR2A	0.74
RPTN	LCE3D	0.776
RPTN	IVL	0.785
SKA3	PPP2R2C	0.489
SKA3	KIF14	0.504
SKA3	KIF18B	0.514
SKA3	NEK2	0.532
SKA3	CDCA3	0.586
SKA3	CDC25C	0.588
SKA3	RAD54L	0.595
SKA3	CDC45	0.602
SKA3	HJURP	0.61
SKA3	GTSE1	0.618
SKA3	CENPA	0.657
SKA3	CDC20	0.666
SKA3	ASPM	0.673
SKA3	PBK	0.675
SKA3	FOXM1	0.683
SKA3	DEPDC1	0.714
SKA3	UBE2C	0.719
SKA3	MCM10	0.724
SKA3	EXO1	0.8
SKA3	KIF4A	0.813
SKA3	KIF2C	0.867
SKA3	TTK	0.87
SKA3	CDCA2	0.874
CDC25C	H3C12	0.521
CDC25C	MCM10	0.535
CDC25C	KIF18B	0.544
CDC25C	SLCO6A1	0.565
CDC25C	RAD54L	0.574
CDC25C	ASPM	0.615
CDC25C	EXO1	0.622
CDC25C	CDCA3	0.662
CDC25C	PBK	0.663
CDC25C	CDCA2	0.713
CDC25C	GTSE1	0.721
CDC25C	KIF14	0.742
CDC25C	TTK	0.787
CDC25C	KIF4A	0.798
CDC25C	DEPDC1	0.808
CDC25C	NEK2	0.814
CDC25C	UBE2C	0.816
CDC25C	FOXM1	0.823
CDC25C	CENPA	0.845
CDC25C	CDC45	0.856
CDC25C	HJURP	0.865
CDC25C	CDC20	0.9
CDC25C	KIF2C	0.907
MMP1	COL11A1	0.599
MMP1	MMP12	0.625
MMP1	COL7A1	0.673
E2F7	CENPA	0.424
E2F7	DEPDC1	0.425
E2F7	CDCA3	0.447
E2F7	KIF14	0.448
E2F7	KIF2C	0.452
E2F7	RAD54L	0.462
E2F7	KIF4A	0.473
E2F7	HJURP	0.479
E2F7	MCM10	0.498
E2F7	CDCA2	0.527
E2F7	UBE2C	0.529
E2F7	EXO1	0.535
E2F7	PBK	0.557
E2F7	NEK2	0.578
E2F7	TTK	0.579
E2F7	CDC45	0.582
E2F7	CDC20	0.584
E2F7	FOXM1	0.652
E2F7	ASPM	0.724
SOX2	FOXD1	0.401
SOX2	DSC3	0.415
SOX2	SERPINB5	0.428
SOX2	ADH7	0.446
SOX2	ASPM	0.466
SOX2	POU4F1	0.483
SOX2	DLX1	0.49
SOX2	OTX1	0.491
SOX2	PITX2	0.503
SOX2	MAGEA4	0.511
SOX2	DLX5	0.517
SOX2	FOXM1	0.533
SOX2	TFAP2A	0.543
SOX2	FOXE1	0.553
SOX2	ZIC2	0.581
SOX2	PAX7	0.584
SOX2	NR0B1	0.585
SOX2	LHX2	0.601
SOX2	NKX2-5	0.614
SOX2	PAX3	0.655
SOX2	HMGA2	0.697
SOX2	H4C5	0.804
SOX2	H3C7	0.806
SOX2	H3C8	0.808
SOX2	H3C2	0.824
SOX2	FOXD3	0.891
SOX2	OTX2	0.914
SOX2	H3C12	0.923
SOX2	PAX6	0.977
NKX2-5	H3C12	0.403
NKX2-5	FOXE1	0.61
NKX2-5	IRX4	0.801
CDCA2	H3C12	0.427
CDCA2	FOXM1	0.585
CDCA2	RAD54L	0.586
CDCA2	EXO1	0.598
CDCA2	KIF18B	0.599
CDCA2	MCM10	0.61
CDCA2	CDC45	0.652
CDCA2	NEK2	0.678
CDCA2	UBE2C	0.681
CDCA2	HJURP	0.75
CDCA2	KIF14	0.754
CDCA2	GTSE1	0.804
CDCA2	DEPDC1	0.817
CDCA2	CENPA	0.82
CDCA2	CDC20	0.822
CDCA2	ASPM	0.836
CDCA2	PBK	0.86
CDCA2	TTK	0.872
CDCA2	KIF2C	0.885
CDCA2	CDCA3	0.91
CDCA2	KIF4A	0.933
H1-5	H2BC7	0.415
H1-5	H2BC8	0.457
H1-5	H2BC9	0.559
H1-5	H3C7	0.574
H1-5	H2BC17	0.574
H1-5	H3C8	0.584
H1-5	H3C12	0.599
H1-5	H3C2	0.759
H1-5	H4C5	0.843
H1-5	H2AC13	0.894
SPRR3	ASPM	0.417
SPRR3	SBSN	0.423
SPRR3	KPRP	0.469
SPRR3	LCE1C	0.503
SPRR3	S100A2	0.503
SPRR3	CASP14	0.507
SPRR3	S100A7	0.523
SPRR3	DSG4	0.569
SPRR3	DSC3	0.642
SPRR3	SPRR4	0.683
SPRR3	CRCT1	0.694
SPRR3	KRT6A	0.7
SPRR3	SPRR2F	0.755
SPRR3	SPRR2G	0.782
SPRR3	SPRR2E	0.808
SPRR3	SPRR2D	0.836
SPRR3	LCE3D	0.841
SPRR3	SPRR2A	0.862
SPRR3	SPRR1A	0.894
SPRR3	IVL	0.943
GAST	GTSE1	0.62
SPRR4	KRT6A	0.41
SPRR4	SERPINB7	0.412
SPRR4	SPRR2F	0.433
SPRR4	DSG4	0.449
SPRR4	SPRR1A	0.464
SPRR4	S100A7	0.467
SPRR4	KLK6	0.468
SPRR4	S100A2	0.491
SPRR4	SPRR2D	0.492
SPRR4	LCE1C	0.496
SPRR4	LCE3D	0.525
SPRR4	SERPINB12	0.526
SPRR4	SPRR2A	0.526
SPRR4	SPRR2E	0.549
SPRR4	SPRR2G	0.555
SPRR4	KRT77	0.567
SPRR4	IVL	0.658
SPRR4	KPRP	0.694
COL7A1	MMP12	0.432
COL7A1	GJB2	0.485
COL7A1	COL11A1	0.526
COL7A1	COL17A1	0.651
SULT4A1	INA	0.408
TMPRSS11A	TMPRSS4	0.42
CENPA	FAM72D	0.464
CENPA	RAD54L	0.551
CENPA	H2BW1	0.573
CENPA	KIF18B	0.622
CENPA	MCM10	0.678
CENPA	CDC45	0.707
CENPA	EXO1	0.75
CENPA	FOXM1	0.794
CENPA	GTSE1	0.807
CENPA	H3C7	0.811
CENPA	KIF14	0.812
CENPA	H3C8	0.814
CENPA	H3C2	0.815
CENPA	NEK2	0.85
CENPA	DEPDC1	0.858
CENPA	H2BC7	0.86
CENPA	H2BC8	0.861
CENPA	ASPM	0.865
CENPA	CDCA3	0.89
CENPA	TTK	0.905
CENPA	KIF4A	0.906
CENPA	H3C12	0.917
CENPA	PBK	0.925
CENPA	UBE2C	0.938
CENPA	H2AC13	0.947
CENPA	H4C5	0.967
CENPA	H2BC9	0.983
CENPA	H2BC17	0.985
CENPA	KIF2C	0.986
CENPA	CDC20	0.986
CENPA	HJURP	0.999
LMO1	LHX2	0.429
LMO1	DLX1	0.433
LMO1	SHOX2	0.654
LMO1	TLX1	0.83
GJB5	CLCA2	0.417
GJB5	TRIM29	0.423
GJB5	GJB6	0.43
GJB5	GJB2	0.431
GJB5	GJB4	0.646
GJB5	GJB3	0.691
AMTN	DSG4	0.405
AMTN	COL17A1	0.649
AMTN	WDR72	0.659
FOXM1	TLX1	0.415
FOXM1	H3C12	0.512
FOXM1	GTSE1	0.626
FOXM1	RAD54L	0.642
FOXM1	CDC45	0.669
FOXM1	KIF14	0.751
FOXM1	EXO1	0.753
FOXM1	TTK	0.766
FOXM1	NEK2	0.803
FOXM1	KIF18B	0.813
FOXM1	MCM10	0.844
FOXM1	PBK	0.845
FOXM1	DEPDC1	0.845
FOXM1	ASPM	0.848
FOXM1	CDCA3	0.885
FOXM1	KIF2C	0.888
FOXM1	UBE2C	0.894
FOXM1	KIF4A	0.897
FOXM1	HJURP	0.918
FOXM1	CDC20	0.937
KRT77	SPRR2D	0.419
KRT77	KRT3	0.433
KRT77	SPRR2G	0.461
KRT77	S100A2	0.47
KRT77	SERPINB12	0.476
KRT77	S100A7	0.484
KRT77	KLK6	0.501
KRT77	KRT6A	0.577
TRIM29	GJB3	0.498
TRIM29	KRT6A	0.539
TRIM29	UBE2C	0.55
TRIM29	SERPINB5	0.604
SERPINB4	KRT6A	0.425
SERPINB4	S100A2	0.427
SERPINB4	KLK6	0.464
SERPINB4	SPRR2D	0.502
SERPINB4	S100A7A	0.562
SERPINB4	S100A7	0.705
CASKIN1	CALML5	0.448
CASKIN1	SLCO6A1	0.463
GJB4	GJB6	0.421
GJB4	GJB3	0.744
GJB4	GJB2	0.75
MAGEA11	CSAG3	0.4
MAGEA11	MAGEA1	0.465
TMPRSS11F	TMPRSS4	0.46
UBE2C	RAD54L	0.569
UBE2C	MCM10	0.622
UBE2C	KIF14	0.645
UBE2C	DEPDC1	0.686
UBE2C	EXO1	0.695
UBE2C	GTSE1	0.71
UBE2C	CDC45	0.836
UBE2C	KIF18B	0.843
UBE2C	KIF4A	0.905
UBE2C	TTK	0.911
UBE2C	NEK2	0.923
UBE2C	HJURP	0.924
UBE2C	ASPM	0.943
UBE2C	PBK	0.946
UBE2C	KIF2C	0.954
UBE2C	CDCA3	0.962
UBE2C	CDC20	0.999
H2BC7	H3C2	0.931
H2BC7	H3C7	0.937
H2BC7	H3C8	0.943
H2BC7	H3C12	0.945
H2BC7	H2BC8	0.946
H2BC7	H2BC17	0.964
H2BC7	H2BC9	0.966
H2BC7	H4C5	0.99
H2BC7	H2AC13	0.991
MAGEA1	ACTL8	0.421
MAGEA1	CSAG3	0.432
MAGEA1	MAGEB2	0.435
MAGEA1	MAGEA4	0.547
MAGEA1	MAGEA3	0.682
MAGEA1	PRAME	0.728
MAGEA1	CSAG1	0.82
H2AC13	H2BW1	0.469
H2AC13	H3C8	0.731
H2AC13	H3C7	0.736
H2AC13	H3C2	0.748
H2AC13	H3C12	0.885
H2AC13	H2BC9	0.927
H2AC13	H2BC17	0.977
H2AC13	H4C5	0.98
H2AC13	H2BC8	0.981
H3C12	PAX7	0.421
H3C12	CALML5	0.447
H3C12	EXO1	0.468
H3C12	KIF2C	0.487
H3C12	CDC45	0.507
H3C12	PAX6	0.538
H3C12	CDC20	0.551
H3C12	PADI1	0.56
H3C12	PADI3	0.622
H3C12	HJURP	0.647
H3C12	H2BW1	0.864
H3C12	SLCO6A1	0.868
H3C12	H2BC8	0.927
H3C12	H2BC9	0.931
H3C12	H3C8	0.949
H3C12	H3C7	0.949
H3C12	H3C2	0.976
H3C12	H4C5	0.978
H3C12	H2BC17	0.987
AKR1B10	ADH7	0.583
AKR1B10	AKR1B15	0.597
AKR1B10	GPX2	0.65
PGLYRP4	IVL	0.633
DSG4	KPRP	0.43
DSG4	KRTAP19-1	0.436
DSG4	KRTAP4-1	0.458
DSG4	KLK8	0.485
DSG4	SPRR2A	0.537
DSG4	SPRR1A	0.539
DSG4	SPRR2D	0.545
DSG4	KRT34	0.546
DSG4	SPRR2E	0.554
DSG4	SPRR2F	0.557
DSG4	SPRR2G	0.571
DSG4	IVL	0.616
DSG4	DSC3	0.654
DMBX1	OTX2	0.632
MAGEA4	CSAG3	0.418
MAGEA4	MAGEA3	0.572
MAGEA4	PRAME	0.739
DSC3	CLCA2	0.408
DSC3	COL17A1	0.474
DSC3	KRT6A	0.522
DSC3	SPRR2F	0.532
DSC3	SERPINB5	0.544
DSC3	SPRR2E	0.567
DSC3	SPRR2A	0.584
DSC3	SPRR2D	0.594
DSC3	SPRR2G	0.599
DSC3	IVL	0.629
DSC3	SPRR1A	0.679
DLX1	SP8	0.488
DLX1	LHX2	0.518
DLX1	SP9	0.524
DLX1	DLX5	0.586
TEDC2	RAD54L	0.537
TEDC2	CDC45	0.603
EXO1	KIF18B	0.439
EXO1	DEPDC1	0.593
EXO1	GTSE1	0.606
EXO1	NEK2	0.612
EXO1	KIF4A	0.666
EXO1	CDCA3	0.671
EXO1	KIF14	0.714
EXO1	HJURP	0.746
EXO1	KIF2C	0.764
EXO1	PBK	0.773
EXO1	CDC20	0.796
EXO1	RAD54L	0.832
EXO1	ASPM	0.848
EXO1	TTK	0.896
EXO1	MCM10	0.954
EXO1	CDC45	0.963
OTX1	OTX2	0.456
OTX1	ONECUT2	0.539
OTX1	LHX2	0.545
NEK2	CALML5	0.422
NEK2	RAD54L	0.481
NEK2	KIF18B	0.539
NEK2	GTSE1	0.553
NEK2	MCM10	0.573
NEK2	CDC45	0.657
NEK2	HJURP	0.812
NEK2	TTK	0.845
NEK2	DEPDC1	0.847
NEK2	KIF4A	0.858
NEK2	PBK	0.88
NEK2	KIF14	0.882
NEK2	CDCA3	0.911
NEK2	ASPM	0.916
NEK2	KIF2C	0.92
NEK2	CDC20	0.999
KIF14	FAM72D	0.417
KIF14	CDC45	0.515
KIF14	RAD54L	0.537
KIF14	CDCA3	0.644
KIF14	CDC20	0.674
KIF14	GTSE1	0.689
KIF14	MCM10	0.744
KIF14	KIF18B	0.762
KIF14	PBK	0.779
KIF14	DEPDC1	0.873
KIF14	KIF2C	0.901
KIF14	TTK	0.904
KIF14	KIF4A	0.921
KIF14	HJURP	0.927
KIF14	ASPM	0.963
ASPM	PAX6	0.4
ASPM	KRT6A	0.45
ASPM	CALML5	0.595
ASPM	RAD54L	0.667
ASPM	GTSE1	0.689
ASPM	CDC45	0.703
ASPM	MCM10	0.723
ASPM	KIF18B	0.733
ASPM	DEPDC1	0.861
ASPM	CDCA3	0.864
ASPM	HJURP	0.931
ASPM	KIF2C	0.936
ASPM	PBK	0.951
ASPM	KIF4A	0.952
ASPM	TTK	0.957
ASPM	CDC20	0.972
S100A7	LGALS7	0.429
S100A7	SPRR2D	0.448
S100A7	CALML5	0.45
S100A7	SPRR2E	0.51
S100A7	SPRR2G	0.511
S100A7	SPRR2A	0.524
S100A7	CASP14	0.541
S100A7	LCE3D	0.55
S100A7	SPRR1A	0.588
S100A7	IVL	0.616
S100A7	KRT6A	0.627
S100A7	S100A2	0.705
S100A7	S100A7A	0.962
S100A7A	KRT6A	0.461
S100A7A	S100A2	0.524
S100A7A	SPRR2G	0.533
S100A7A	LCE3D	0.534
S100A7A	CRCT1	0.646
SPRR2G	CASP14	0.489
SPRR2G	CRCT1	0.523
SPRR2G	SPRR2A	0.578
SPRR2G	KPRP	0.582
SPRR2G	IVL	0.662
SPRR2G	LCE1C	0.734
SPRR2G	SPRR1A	0.817
SPRR2G	SPRR2D	0.884
SPRR2G	SPRR2F	0.895
SPRR2G	SPRR2E	0.918
SPRR2G	LCE3D	0.964
SPRR2E	KPRP	0.42
SPRR2E	SBSN	0.478
SPRR2E	CRCT1	0.547
SPRR2E	CASP14	0.638
SPRR2E	IVL	0.666
SPRR2E	LCE1C	0.779
SPRR2E	SPRR1A	0.858
SPRR2E	LCE3D	0.858
SPRR2E	SPRR2F	0.893
SPRR2E	SPRR2A	0.962
SPRR2E	SPRR2D	0.968
SPRR2D	SBSN	0.405
SPRR2D	CRCT1	0.425
SPRR2D	CASP14	0.441
SPRR2D	KRT6A	0.515
SPRR2D	IVL	0.709
SPRR2D	LCE1C	0.812
SPRR2D	SPRR1A	0.849
SPRR2D	LCE3D	0.891
SPRR2D	SPRR2F	0.934
SPRR2D	SPRR2A	0.966
SPRR1A	CASP14	0.504
SPRR1A	SBSN	0.555
SPRR1A	KRT6A	0.713
SPRR1A	CRCT1	0.749
SPRR1A	SPRR2F	0.768
SPRR1A	LCE1C	0.787
SPRR1A	LCE3D	0.872
SPRR1A	SPRR2A	0.891
SPRR1A	IVL	0.963
IVL	KRT6A	0.404
IVL	KPRP	0.405
IVL	KRT3	0.421
IVL	SBSN	0.459
IVL	CALML5	0.46
IVL	CRCT1	0.461
IVL	SPRR2F	0.611
IVL	KLK6	0.627
IVL	LCE1C	0.658
IVL	LCE3D	0.75
IVL	CASP14	0.77
IVL	SPRR2A	0.776
LCE3D	CASP14	0.573
LCE3D	SBSN	0.62
LCE3D	KPRP	0.667
LCE3D	SPRR2A	0.772
LCE3D	SPRR2F	0.793
LCE3D	CRCT1	0.834
LCE3D	LCE1C	0.848
CRCT1	LCE1C	0.403
CRCT1	SPRR2A	0.455
CRCT1	SBSN	0.623
CRCT1	KPRP	0.676
VAX1	PAX6	0.416
VAX1	LHX2	0.47
VAX1	FOXE1	0.57
PRDM13	TLX1	0.407
PRDM13	HOXD13	0.417
FAM72B	PBK	0.421
FAM72B	KIF2C	0.491
FAM72B	TTK	0.604
FAM72B	FAM72D	0.64
FAM72B	FAM72C	0.999
TTK	FAM72C	0.463
TTK	FAM72D	0.532
TTK	GTSE1	0.572
TTK	RAD54L	0.624
TTK	KIF18B	0.662
TTK	MCM10	0.735
TTK	CDC45	0.787
TTK	CDCA3	0.858
TTK	KIF4A	0.921
TTK	HJURP	0.929
TTK	DEPDC1	0.931
TTK	KIF2C	0.955
TTK	PBK	0.969
TTK	CDC20	0.99
COL11A1	COL17A1	0.487
TLX1	OTX2	0.409
CSAG1	ACTL8	0.414
CSAG1	PRAME	0.526
CSAG1	MAGEA3	0.98
GABRA3	GABRR1	0.692
GABRA3	GABRG2	0.762
GABRA3	GABRQ	0.771
CLCA4	CLCA2	0.917
CLCA2	CALML5	0.48
CLCA2	KRT6A	0.501
FOXD3	HOXD13	0.419
FOXD3	ZIC2	0.451
FOXD3	OTX2	0.466
FOXD3	PAX7	0.578
FOXD3	TFAP2A	0.621
FOXD3	PITX2	0.622
FOXD3	PAX6	0.659
FOXD3	PAX3	0.731
CACNA1B	IL1RAPL2	0.411
CACNA1B	GNG4	0.712
CACNA1B	CALML5	0.777
ZYG11A	PRAME	0.618
KCNG1	NPSR1	0.452
RAB3B	CALML5	0.425
RAB3B	RIMS2	0.686
RAD54L	DEPDC1	0.43
RAD54L	KIF18B	0.555
RAD54L	KIF4A	0.599
RAD54L	HJURP	0.616
RAD54L	GTSE1	0.619
RAD54L	PBK	0.647
RAD54L	CDC20	0.685
RAD54L	KIF2C	0.691
RAD54L	CDCA3	0.698
RAD54L	MCM10	0.734
RAD54L	CDC45	0.856
KIF2C	FAM72D	0.437
KIF2C	FAM72C	0.453
KIF2C	MCM10	0.611
KIF2C	GTSE1	0.754
KIF2C	DEPDC1	0.83
KIF2C	CDC45	0.892
KIF2C	PBK	0.909
KIF2C	CDCA3	0.93
KIF2C	HJURP	0.938
KIF2C	KIF4A	0.947
KIF2C	KIF18B	0.983
KIF2C	CDC20	0.995
CDC20	FAM72D	0.435
CDC20	MCM10	0.691
CDC20	GTSE1	0.711
CDC20	DEPDC1	0.761
CDC20	KIF18B	0.792
CDC20	HJURP	0.925
CDC20	KIF4A	0.941
CDC20	CDC45	0.946
CDC20	PBK	0.959
CDC20	CDCA3	0.981
GJB3	TMPRSS4	0.482
GJB3	KRT6A	0.623
GJB3	GJB6	0.777
GJB3	GJB2	0.875
UGT1A7	SLCO6A1	0.413
UGT1A7	ADH7	0.71
LHX2	DMRTA2	0.408
LHX2	TFAP2A	0.41
LHX2	ZIC2	0.445
LHX2	POU4F1	0.469
LHX2	SP8	0.52
LHX2	FEZF1	0.554
LHX2	PAX6	0.576
SLC18A3	POU4F1	0.423
KIF4A	GTSE1	0.664
KIF4A	MCM10	0.706
KIF4A	CDC45	0.73
KIF4A	DEPDC1	0.797
KIF4A	KIF18B	0.901
KIF4A	HJURP	0.918
KIF4A	CDCA3	0.927
KIF4A	PBK	0.938
FOXE1	PAX7	0.406
FOXE1	TFAP2A	0.419
PAX7	TFAP2A	0.441
PAX7	ZIC2	0.48
PAX7	PAX3	0.907
ACTL8	CSAG3	0.418
PADI3	PADI1	0.436
ZIC2	TFAP2A	0.4
ZIC2	PAX3	0.416
ZIC2	FOXD1	0.442
ZIC2	PAX6	0.494
ZIC2	HOXD13	0.523
ZIC2	FOXL2	0.597
ZIC2	HOXA13	0.615
ZIC2	OTX2	0.684
KLK6	SERPINB12	0.448
KLK6	KLK8	0.566
POU4F1	PAX3	0.46
POU4F1	OTX2	0.497
POU4F1	PAX6	0.659
LGALS7	KRT6A	0.536
LGALS7	CALML5	0.548
LGALS7	SBSN	0.551
NR0B1	OTX2	0.414
NR0B1	FOXL2	0.67
NR0B1	DMRT1	0.745
MAGEB2	MAGEA3	0.413
KRT6A	KRT3	0.437
KRT6A	KLK8	0.445
KRT6A	COL17A1	0.451
KRT6A	SPRR2A	0.498
KRT6A	SERPINB5	0.544
KRT6A	S100A2	0.676
CALML5	SERPINB5	0.406
CALML5	GPX2	0.408
CALML5	SLCO6A1	0.518
CALML5	SBSN	0.554
CALML5	PNCK	0.559
CALML5	STRA6	0.794
PDX1	ONECUT2	0.463
PDX1	PAX6	0.835
NPSR1	GNG4	0.573
DMRT1	SOHLH1	0.619
DMRT1	FOXL2	0.837
NKX3-2	DLX5	0.593
NKX3-2	DLX6	0.598
SERPINB12	SBSN	0.508
SERPINB12	KPRP	0.659
SERPINB12	CASP14	0.731
SERPINB5	TMPRSS4	0.409
SERPINB5	S100A2	0.496
SERPINB5	COL17A1	0.518
GJB2	S100A2	0.428
GJB2	USH1G	0.507
GJB2	SPRR2A	0.565
GJB2	TMPRSS4	0.665
GJB2	GJB6	0.99
SHOX2	FOXL2	0.415
SHOX2	IRX4	0.529
SHOX2	HOXC9	0.541
SHOX2	HOXD13	0.653
GPX2	HMGA2	0.407
GPX2	SLCO6A1	0.65
KRTAP19-1	KRTAP4-1	0.497
PAX3	HOXA13	0.514
PAX3	PITX2	0.537
PAX3	TFAP2A	0.595
HOXD13	IRX4	0.413
HOXD13	OTX2	0.421
HOXD13	PAX6	0.446
HOXD13	PITX2	0.459
HOXD13	HOXD12	0.504
HOXD13	FOXL2	0.533
SPRR2A	CASP14	0.474
SPRR2A	LCE1C	0.739
SPRR2A	SPRR2F	0.925
KRT34	TMEM171	0.404
KRT34	SERPINB7	0.437
WDR72	COL17A1	0.553
FAM72D	PBK	0.405
FAM72D	FAM72C	0.626
HOXD12	HOXA13	0.451
CASP14	SPRR2F	0.4
CASP14	BCL2L10	0.48
CASP14	SBSN	0.49
CASP14	LCE1C	0.5
CASP14	KPRP	0.548
SOHLH1	FOXL2	0.529
CDC45	DEPDC1	0.422
CDC45	KIF18B	0.457
CDC45	GTSE1	0.633
CDC45	CDCA3	0.765
CDC45	PBK	0.874
CDC45	HJURP	0.882
CDC45	MCM10	0.999
PNCK	KRT3	0.448
SP8	DLX5	0.412
SP8	PAX6	0.6
GABRG2	GABRR1	0.711
GABRG2	GABRQ	0.789
DEPDC1	GTSE1	0.515
DEPDC1	KIF18B	0.592
DEPDC1	CDCA3	0.683
DEPDC1	MCM10	0.764
DEPDC1	HJURP	0.832
DEPDC1	PBK	0.849
GABRR1	GABRQ	0.627
KRT3	PAX6	0.479
HJURP	MCM10	0.631
HJURP	CDCA3	0.837
HJURP	KIF18B	0.864
HJURP	GTSE1	0.889
HJURP	PBK	0.896
HJURP	H4C5	0.902
GTSE1	PBK	0.524
GTSE1	MCM10	0.582
GTSE1	KIF18B	0.625
GTSE1	CDCA3	0.816
TMPRSS4	GJB6	0.508
SPRR2F	LCE1C	0.684
MCM10	KIF18B	0.476
MCM10	CDCA3	0.686
MCM10	PBK	0.734
HOXC9	HOXC11	0.561
RIMS2	SYT14	0.428
DLX6	DLX5	0.939
PBK	FAM72C	0.422
PBK	KIF18B	0.622
PBK	CDCA3	0.946
CDCA3	KIF18B	0.764
H2BC8	H2BC17	0.903
H2BC8	H2BC9	0.914
H2BC8	H3C2	0.927
H2BC8	H3C8	0.928
H2BC8	H3C7	0.964
H2BC8	H4C5	0.983
PRAME	CSAG3	0.448
PRAME	MAGEA3	0.777
STRA6	OTX2	0.421
MAGEA3	CSAG3	0.721
KPRP	S100A2	0.487
KPRP	LCE1C	0.527
H2BC17	H3C2	0.675
H2BC17	H3C8	0.683
H2BC17	H3C7	0.692
H2BC17	H4C5	0.967
H2BC17	H2BC9	0.971
H2BC9	H3C2	0.581
H2BC9	H3C8	0.669
H2BC9	H3C7	0.703
H2BC9	H4C5	0.939
FOXD1	PAX6	0.404
IRX4	PITX2	0.425
H3C7	H3C8	0.941
H3C7	H3C2	0.968
H3C7	H4C5	0.993
H3C8	H3C2	0.961
H3C8	H4C5	0.988
H4C5	H3C2	0.99
PAX6	OTX2	0.479
PAX6	FOXL2	0.506
PAX6	TFAP2A	0.555
PAX6	PITX2	0.605
PITX2	OTX2	0.411
PITX2	TFAP2A	0.701
HOXA13	FOXL2	0.625
DLX5	TFAP2A	0.472
OTX2	TFAP2A	0.41
