id	degree
A2M	140
A2ML1	19
AASDH	49
ABCA12	14
ABCA3	12
ABCA4	20
ABCG2	82
ACAN	152
ACD	56
ACE	114
ACE2	157
ACHE	67
ACKR1	69
ACKR3	65
ACOT1	3
ACRBP	9
ACTB	381
ACTC1	47
ACTN2	102
ACVR1B	19
ADAM10	63
ADAM12	38
ADAM15	8
ADAM17	66
ADAM19	8
ADAM22	14
ADAM23	11
ADAM33	11
ADAMDEC1	6
ADAMTS1	30
ADAMTS13	55
ADAMTS14	14
ADAMTS2	44
ADAMTS20	6
ADAMTS3	53
ADAMTS4	66
ADAMTS5	60
ADAMTS8	6
ADAMTS9	11
ADAMTSL3	6
ADARB1	23
ADCY1	89
ADCY2	82
ADCY3	89
ADCY4	74
ADCY5	90
ADCY6	78
ADCY8	94
ADCY9	80
ADD3	15
ADGB	16
ADGRA1	12
ADGRA3	3
ADGRD2	1
ADGRF1	6
ADGRF2	3
ADGRF3	1
ADGRF4	5
ADGRF5	9
ADGRG3	4
ADGRG5	5
ADGRG7	1
ADGRL1	43
ADGRL2	44
ADGRL3	48
ADGRV1	20
ADH1A	66
ADH1B	88
ADH1C	70
ADH6	69
ADH7	68
ADIPOQ	130
ADIPOR1	55
ADIPOR2	38
ADM2	22
ADORA1	24
ADORA2A	59
ADORA2B	59
ADPRM	6
ADRA1A	64
ADRA1B	59
ADRA1D	71
ADRA2A	95
ADRA2B	58
ADRA2C	68
ADRB2	91
ADRB3	46
AFP	73
AGBL1	3
AGBL3	1
AGER	67
AGO2	43
AGPAT2	25
AGRP	75
AGT	539
AGTR1	257
AGTR2	247
AGXT	22
AHCYL1	9
AHR	12
AHSP	40
AJUBA	35
AKAP12	16
AKAP14	21
AKAP5	44
AKAP7	12
AKR1A1	7
AKR1B1	49
AKR1B10	38
AKR1B15	9
AKR1C3	46
AKR1D1	19
AKR7A2	5
AKR7A3	5
AKT1	560
ALAS2	47
ALB	614
ALCAM	41
ALDH1A1	58
ALDH1A2	73
ALDH1A3	50
ALDH2	61
ALDH3A2	9
ALDH7A1	29
ALKBH5	10
ALOX12	14
ALOX15	34
ALOXE3	12
ALPG	17
ALPI	23
ALPL	24
ALPP	22
AMBN	12
AMBP	75
AMDHD1	2
AMPH	14
AMTN	16
AMZ1	3
ANGPT1	121
ANGPT2	97
ANGPT4	35
ANGPTL4	75
ANGPTL5	2
ANGPTL7	5
ANGPTL8	13
ANK1	65
ANK3	74
ANKH	3
ANKK1	40
ANKRD1	42
ANKUB1	10
ANO10	1
ANO5	16
ANPEP	80
ANXA1	94
ANXA2	88
ANXA5	104
AOX1	48
APBA1	10
APC	36
APCS	83
APLN	105
APLNR	109
APLP1	13
APOA1	162
APOA2	97
APOA4	75
APOA5	54
APOB	215
APOBEC1	7
APOBEC2	7
APOBEC3A	10
APOBEC3B	9
APOBEC3C	10
APOBEC3D	5
APOBEC3F	9
APOBEC3H	10
APOBEC4	10
APOC2	68
APOC3	106
APOC4	30
APOD	36
APOE	174
APOF	30
APOH	113
APOM	42
APP	260
APPBP2	17
AQP6	3
AR	81
ARHGAP11A	61
ARHGEF12	35
ARHGEF25	115
ARL14	5
ARMC4	33
ARNT2	8
ARR3	39
ARRB1	209
ARRB2	220
ARSI	6
ARSK	3
ART5	4
AS3MT	8
ASB4	19
ASCL1	90
ASIP	8
ASMT	14
ASPM	96
ASPN	45
ATOH1	41
ATOH7	18
ATP10A	8
ATP10B	7
ATP10D	7
ATP11A	9
ATP2A1	28
ATP2B4	21
ATP6AP1L	2
ATP8A1	8
ATXN2	8
AUH	5
AURKB	123
AVIL	1
AVP	131
AVPR1A	36
AVPR2	71
AWAT2	27
AXIN1	88
AXIN2	90
AZGP1	52
AZU1	35
B3GAT2	43
B3GLCT	20
B4GALNT2	5
B4GALNT3	8
B4GALNT4	8
B4GALT1	12
B4GALT2	11
BAD	6
BARHL1	15
BARHL2	13
BARX1	17
BASP1	12
BAZ2A	32
BCAM	2
BCAN	38
BCL11B	45
BCL2	180
BCL2L1	85
BCL2L2	10
BCO1	17
BDH1	5
BDKRB1	142
BDKRB2	146
BDNF	308
BEX1	9
BGLAP	141
BGN	119
BHLHA9	3
BIK	12
BIN1	45
BIRC5	92
BMF	7
BMP1	82
BMP2	197
BMP4	260
BMP5	16
BMP7	145
BMPR1A	33
BMPR1B	25
BNIP3	10
BOC	20
BOK	6
BPGM	29
BPI	25
BPIFA1	18
BPIFA2	13
BPIFC	4
BRCA1	140
BRICD5	1
BRS3	68
BSG	54
BSX	8
BTC	41
BTG2	15
BUB1	103
BUB1B	117
BVES	4
C10orf120	3
C11orf1	28
C11orf16	4
C11orf54	2
C11orf88	25
C12orf40	1
C12orf50	1
C12orf56	20
C15orf65	30
C16orf91	2
C17orf49	1
C19orf57	1
C1R	53
C1S	55
C1orf158	31
C1orf167	16
C1orf189	31
C1orf194	38
C1orf87	10
C2	36
C20orf85	14
C21orf62	15
C22orf42	17
C3	199
C3orf22	17
C4A	99
C4BPA	64
C4BPB	29
C4orf33	1
C5	109
C5AR1	48
C5orf46	6
C5orf49	33
C6	26
C6orf118	17
C6orf136	3
C7	33
C8A	61
C8B	46
C8G	35
C9	54
C9orf116	31
C9orf135	32
C9orf50	7
CA1	40
CA12	20
CA13	7
CA14	7
CA2	26
CA3	10
CA4	39
CA5B	5
CA6	17
CA7	10
CA8	7
CA9	59
CABIN1	12
CACHD1	28
CACNA1A	52
CACNA1B	102
CACNA1C	206
CACNA1D	149
CACNA1F	120
CACNA1G	66
CACNA1H	63
CACNA1I	45
CACNA1S	128
CACNA2D1	53
CACNA2D2	58
CACNA2D4	43
CACNB1	40
CACNB2	73
CACNB3	59
CACNG1	45
CACNG2	86
CACNG3	75
CACNG4	99
CACNG5	55
CACNG6	53
CACNG7	97
CACNG8	75
CADPS	6
CALB1	67
CALB2	106
CALD1	25
CALM1	62
CALM3	242
CALML3	364
CALML4	302
CALML5	375
CALML6	301
CAMK1	14
CAMK1D	15
CAMK2A	112
CAMK2B	53
CAMK2G	39
CAMK2N2	8
CAMK4	35
CAMKK1	9
CAMKK2	16
CAMP	72
CAMTA2	7
CAPN3	35
CAPSL	21
CARTPT	46
CASKIN1	7
CASP14	70
CASP3	172
CASQ1	26
CASQ2	51
CASR	93
CATSPER4	27
CATSPERB	28
CATSPERD	30
CATSPERE	27
CATSPERG	27
CAV2	49
CAV3	148
CAVIN4	7
CBFB	57
CBLC	10
CBLIF	7
CBX1	58
CBX8	41
CBY2	22
CC2D2B	16
CCDC114	34
CCDC141	4
CCDC142	1
CCDC173	33
CCDC190	2
CCDC27	7
CCDC62	5
CCK	99
CCKAR	60
CCKBR	62
CCL1	77
CCL11	110
CCL13	94
CCL16	60
CCL17	93
CCL18	78
CCL19	123
CCL2	361
CCL20	171
CCL21	115
CCL22	100
CCL23	97
CCL24	80
CCL25	81
CCL26	79
CCL27	89
CCL28	67
CCL3	199
CCL4	135
CCL5	241
CCL7	81
CCL8	76
CCN2	189
CCNA2	123
CCNB1	138
CCNB1IP1	5
CCND1	134
CCR1	126
CCR10	90
CCR2	160
CCR3	117
CCR4	78
CCR5	174
CCR6	116
CCR7	140
CCR8	98
CCR9	102
CCRL2	105
CD177	33
CD207	20
CD274	125
CD300LG	7
CD34	231
CD36	206
CD38	101
CD4	329
CD40LG	119
CD44	388
CD55	51
CD5L	34
CD68	105
CD8A	182
CD9	75
CDAN1	6
CDC25C	108
CDCA3	72
CDCA4	5
CDCA8	95
CDH1	185
CDH12	5
CDH18	5
CDH19	7
CDH2	125
CDH23	20
CDH24	4
CDH26	6
CDH3	27
CDH5	111
CDH8	10
CDHR2	2
CDHR5	4
CDK1	155
CDON	20
CDSN	72
CEACAM1	43
CEACAM5	91
CEACAM6	23
CEACAM8	79
CEBPA	125
CENPA	191
CENPB	37
CENPC	75
CENPE	93
CENPF	90
CENPH	92
CENPI	115
CENPK	103
CENPL	65
CENPM	106
CENPN	116
CENPO	72
CENPP	60
CENPQ	65
CENPS	70
CENPT	74
CENPU	101
CENPW	96
CENPX	51
CEP250	15
CEP55	76
CERS3	11
CFAP126	51
CFAP161	30
CFAP221	7
CFAP43	22
CFAP52	47
CFAP53	35
CFAP77	28
CFC1	11
CFD	39
CFH	66
CFI	58
CGA	20
CGB5	7
CHGA	58
CHGB	34
CHI3L1	46
CHIA	16
CHIT1	9
CHL1	6
CHRFAM7A	17
CHRM1	88
CHRM2	114
CHRM3	34
CHRM4	40
CHRM5	28
CHRNA1	18
CHRNA10	19
CHRNA2	47
CHRNA3	45
CHRNA4	79
CHRNA5	48
CHRNA6	28
CHRNA7	23
CHRNA9	20
CHRNB1	23
CHRNB2	56
CHRNB3	30
CHRNB4	45
CHRND	19
CHST8	7
CIDEA	30
CIDEC	37
CILP	24
CITED1	23
CITED2	19
CITED4	7
CKAP2L	65
CKLF	10
CLCA1	19
CLCA2	17
CLDN14	15
CLDN16	11
CLDN17	13
CLDN18	28
CLDN20	10
CLDN22	10
CLDN23	11
CLDN34	10
CLDN5	61
CLDN8	11
CLEC1B	29
CLEC3B	24
CLEC4F	4
CLEC4M	35
CLPS	10
CLPSL1	17
CLPTM1L	6
CLRN1	24
CLTRN	11
CLU	93
CMA1	38
CMTM2	15
CMTM4	8
CMTM5	12
CMTM6	8
CMTM7	10
CMTM8	8
CNFN	34
CNGA1	15
CNGA2	11
CNGA3	23
CNGA4	11
CNGB1	16
CNIH1	19
CNIH2	50
CNIH3	52
CNIH4	15
CNP	17
CNR1	117
CNST	6
CNTFR	25
CNTN6	16
CNTNAP2	32
CNTNAP5	4
COASY	7
COL10A1	84
COL11A1	86
COL11A2	60
COL12A1	56
COL14A1	52
COL15A1	53
COL18A1	130
COL1A1	178
COL1A2	123
COL26A1	25
COL2A1	95
COL3A1	112
COL4A6	37
COL5A1	75
COL5A2	71
COL5A3	36
COL6A1	68
COL7A1	54
COL9A1	44
COL9A2	46
COL9A3	44
COMP	69
COMT	111
CORT	72
CPB1	22
CPB2	72
CPE	32
CPM	7
CPN1	8
CPT1C	36
CR1	38
CRABP1	16
CRACR2A	2
CRCT1	31
CREB3	15
CREBBP	114
CRH	121
CRHBP	11
CRHR1-2	59
CRHR2	32
CRIPT	7
CRLF2	32
CRNN	26
CRP	231
CRX	25
CRYBG1	5
CSAG1	15
CSF1R	87
CSF2	252
CSF3	223
CSH1	33
CSH2	35
CSRP3	39
CST1	22
CST2	12
CST4	36
CST5	13
CST6	2
CSTA	80
CSTB	20
CT45A1	28
CT83	7
CTAG1B	56
CTAG2	35
CTCF	69
CTNNB1	583
CTRB1	68
CTSB	89
CTSG	114
CTSK	78
CTSL	75
CTSS	96
CTSV	22
CUL2	27
CUX1	49
CX3CL1	125
CX3CR1	137
CXCL1	228
CXCL10	229
CXCL11	119
CXCL12	273
CXCL13	140
CXCL14	61
CXCL16	98
CXCL17	32
CXCL2	154
CXCL3	112
CXCL5	151
CXCL6	96
CXCL8	427
CXCL9	168
CXCR1	133
CXCR2	152
CXCR3	131
CXCR4	302
CXCR5	115
CXCR6	108
CYB5A	26
CYB5R3	14
CYGB	2
CYP11A1	39
CYP11B1	27
CYP11B2	29
CYP17A1	55
CYP1A2	121
CYP1B1	74
CYP24A1	31
CYP26A1	78
CYP26B1	44
CYP26C1	39
CYP27A1	36
CYP27B1	30
CYP27C1	17
CYP2A6	87
CYP2B6	98
CYP2C19	101
CYP2C8	86
CYP2C9	106
CYP2D6	79
CYP2E1	140
CYP2J2	38
CYP2R1	8
CYP3A5	81
CYP4A11	67
CYP4A22	58
CYP4F2	49
CYP4F22	10
CYP4F3	43
CYP4F8	31
CYP7A1	113
CYP7B1	23
CYSLTR1	129
CYSLTR2	144
DAG1	45
DAND5	7
DAP	8
DAPK2	15
DAW1	13
DAXX	69
DBH	56
DCAF12	20
DCD	16
DCN	158
DCT	15
DCX	44
DCXR	4
DDC	40
DDR2	29
DEFA1	21
DEFA4	26
DEFB107A	4
DEFB113	5
DEFB115	7
DEFB128	7
DEFB131A	9
DEFB4A	41
DEGS2	6
DEK	45
DENND1A	10
DEPDC1	72
DEPDC1B	72
DET1	15
DGAT1	70
DGAT2	64
DGKE	22
DGKQ	19
DGKZ	21
DHDH	10
DHFR2	20
DHRS9	17
DHX29	37
DIAPH3	53
DISC1	30
DISP1	20
DISP2	9
DKK1	147
DKK2	53
DKK4	46
DLG1	56
DLG2	41
DLG4	128
DLGAP1	24
DLGAP5	82
DLL3	18
DLX1	45
DLX2	67
DLX3	30
DLX5	55
DLX6	25
DMAP1	26
DMBX1	5
DMD	79
DMKN	7
DMP1	35
DMRT1	16
DMRTA2	5
DMTN	30
DNAH11	20
DNAH12	15
DNAH6	14
DNASE2	5
DNTTIP1	1
DOT1L	68
DPP10	17
DPP4	131
DPP6	22
DQX1	7
DRC1	12
DRD1	111
DRD2	204
DRD3	82
DRD4	84
DRGX	4
DRICH1	3
DSC1	52
DSC2	48
DSC3	58
DSG1	66
DSG2	51
DSG3	63
DSG4	52
DSN1	55
DSP	77
DST	25
DTNA	38
DUOXA2	11
DUSP27	3
DUSP9	4
DUX4	10
DVL1	60
DYNC1I1	21
DYNLRB2	14
DYSF	28
E2F8	65
EBF1	19
ECE1	16
ECE2	12
ECM1	25
ECRG4	1
EDAR	5
EDN1	276
EDN2	78
EDN3	96
EDNRA	83
EDNRB	91
EEF2K	9
EFHB	38
EFNA2	19
EGF	446
EGFR	561
EGR1	93
EHD2	8
EID3	18
EIF2A	36
ELANE	130
ELAVL4	16
ELN	124
ELOB	29
ELOC	27
EMD	17
EMX1	40
EMX2	48
ENAM	8
ENG	101
ENKUR	41
ENTPD2	16
ENY2	31
EPAS1	78
EPB41	21
EPB41L1	21
EPB42	40
EPC1	23
EPCAM	102
EPGN	22
EPHA10	9
EPHA2	60
EPHA3	12
EPHA5	13
EPHA6	10
EPHA7	14
EPHA8	12
EPHB1	9
EPHX1	52
EPO	100
EPOR	45
EPYC	14
ERBB2	312
ERBB3	65
ERBB4	81
ERC2	12
ERCC1	31
ERCC6L	77
EREG	61
ESPL1	97
ESR1	396
ESR2	147
ESX1	29
ETV2	4
EVPL	64
EXO1	98
EXT1	10
EYA1	55
EYA2	30
EZH2	88
F10	76
F11	63
F13A1	35
F13B	42
F2	199
F2R	124
F2RL1	52
F2RL2	68
F2RL3	70
F3	147
F5	61
F7	66
F8	62
F9	67
FABP1	73
FABP12	5
FABP2	32
FABP4	93
FABP5	24
FABP6	32
FAM107A	4
FAM110C	1
FAM122A	6
FAM131C	7
FAM13A	16
FAM166B	28
FAM166C	28
FAM174C	2
FAM183A	29
FAM187A	1
FAM187B	5
FAM210B	9
FAM216B	24
FAM71B	2
FANCI	74
FASN	54
FAU	45
FBN1	79
FBN2	40
FCGR1A	97
FCGR2A	102
FCGR2B	86
FCGR3A	134
FCGR3B	137
FCN2	48
FCN3	47
FDCSP	10
FDX1	6
FECH	33
FEM1A	20
FEM1B	21
FEM1C	20
FEV	9
FEZF1	16
FEZF2	34
FFAR1	23
FFAR3	20
FGA	132
FGB	80
FGF1	125
FGF10	278
FGF11	10
FGF13	192
FGF16	236
FGF17	215
FGF18	218
FGF19	47
FGF2	346
FGF20	212
FGF21	94
FGF22	209
FGF23	26
FGF3	243
FGF4	223
FGF5	239
FGF6	131
FGF7	233
FGF8	301
FGF9	226
FGFBP1	28
FGFR1	138
FGFR2	141
FGFR3	86
FGFR4	95
FGFRL1	16
FGG	109
FGGY	4
FGL1	22
FICD	2
FKRP	20
FKTN	32
FLG	92
FLG2	73
FLNC	58
FLOT1	18
FLT1	98
FLT3	59
FLT4	70
FMO3	33
FMOD	64
FN1	521
FNTA	4
FNTB	5
FOLH1	22
FOS	170
FOSB	41
FOXA1	83
FOXA2	78
FOXC1	55
FOXD3	36
FOXE1	31
FOXE3	10
FOXG1	76
FOXH1	25
FOXI1	6
FOXJ1	41
FOXM1	116
FOXN4	14
FOXO1	71
FOXR2	6
FPR1	75
FPR2	102
FPR3	36
FREM3	16
FRG2	3
FRRS1L	24
FRZB	48
FSHB	33
FSHR	42
FTH1	20
FURIN	95
FUT4	57
FUT8	9
FZD1	61
FZD10	38
FZD2	36
FZD3	35
FZD4	93
FZD5	34
FZD6	35
FZD7	54
FZD8	48
G6PD	51
GAB2	29
GABBR1	66
GABBR2	120
GABPB1	4
GABRA1	73
GABRA2	59
GABRA3	32
GABRA4	22
GABRA6	37
GABRE	20
GABRG1	25
GABRG2	60
GABRG3	26
GABRP	16
GABRQ	24
GABRR1	11
GABRR2	12
GAD1	115
GAD2	114
GAGE1	26
GAGE12G	22
GAGE2A	28
GAL	114
GAL3ST4	2
GALM	10
GALP	16
GALR1	67
GALR2	64
GALR3	56
GAP43	44
GAPDH	465
GAR1	11
GAS1	26
GAS2L2	5
GAST	82
GATA1	82
GATA4	78
GATA6	62
GBX2	41
GC	57
GCG	209
GCGR	69
GCH1	22
GCM2	6
GDF1	11
GDF5	58
GDF6	12
GFI1	20
GGT1	48
GGT2	10
GGT6	10
GGT7	9
GGTLC1	4
GGTLC2	8
GH1	39
GH2	33
GHRHR	47
GHRL	197
GHSR	118
GJA1	132
GJA3	19
GJA4	18
GJA5	47
GJB1	30
GJB2	45
GJB3	35
GJB5	20
GJB6	29
GJC1	19
GJC2	14
GJC3	13
GJD3	14
GJE1	13
GK2	9
GKN2	11
GLA	10
GLB1	12
GLI1	96
GLI2	82
GLI3	54
GLIS1	10
GLP1R	72
GLRX5	12
GLUL	44
GMCL1	2
GNA11	134
GNA14	36
GNA15	40
GNAI1	174
GNAI2	162
GNAI3	147
GNAL	69
GNAQ	232
GNAS	118
GNAT3	77
GNAZ	50
GNB1	280
GNB2	186
GNB3	235
GNB4	185
GNB5	190
GNG10	190
GNG11	193
GNG12	196
GNG13	204
GNG14	30
GNG2	236
GNG3	179
GNG4	203
GNG5	179
GNG7	200
GNG8	195
GNGT1	202
GNGT2	190
GNL3L	8
GNMT	10
GNRH1	96
GNRH2	25
GNRHR	47
GNS	9
GOT2	63
GP1BA	91
GP1BB	58
GP2	27
GP5	51
GP6	46
GP9	73
GPA33	5
GPAM	29
GPAT2	10
GPC3	69
GPD1	36
GPD1L	35
GPD2	18
GPER1	101
GPIHBP1	27
GPM6A	16
GPR139	12
GPR151	3
GPR17	57
GPR18	14
GPR37	70
GPR37L1	57
GPR39	49
GPR45	2
GPR87	12
GPSM1	172
GPSM2	169
GPSM3	170
GPT	107
GPX2	66
GRHL3	20
GRIA1	158
GRIA2	117
GRIA3	83
GRIA4	74
GRID2	53
GRIK1	53
GRIK2	81
GRIK3	69
GRIK4	61
GRIK5	15
GRIN1	137
GRIN2A	150
GRIN2B	197
GRIN2C	69
GRIN2D	67
GRIN3A	48
GRIN3B	44
GRIP1	24
GRK1	12
GRK2	215
GRK3	56
GRK5	146
GRK7	11
GRM2	55
GRM3	47
GRM5	91
GRM8	40
GRP	102
GRPR	82
GRXCR2	9
GSG1L	17
GSTA1	49
GSTA2	41
GSTA3	35
GSTA4	35
GSTA5	34
GSTM1	57
GSTM2	41
GSTM3	38
GSTM4	37
GSTM5	34
GSTO1	41
GSTO2	39
GSTP1	62
GSTT2B	34
GSX1	10
GSX2	21
GTPBP1	16
GUCA1A	23
GUCA1A-2	23
GUCA1B	26
GUCA2A	29
GUCA2B	24
GUCY2C	29
GUCY2F	27
GYPA	86
GYPB	58
GYPC	21
GYPE	49
H1-0	79
H1-1	49
H1-2	68
H2AB1	79
H2AB2	43
H2AC11	65
H2AC13	81
H2AC14	117
H2AC15	64
H2AC16	62
H2AC17	68
H2AC18	136
H2AC19	54
H2AC20	137
H2AC4	64
H2AC6	133
H2AC7	113
H2AC8	124
H2AJ	102
H2AX	136
H2AZ1	134
H2AZ2	109
H2BC1	136
H2BC10	79
H2BC11	141
H2BC12	138
H2BC13	136
H2BC14	140
H2BC15	139
H2BC17	143
H2BC18	92
H2BC21	157
H2BC3	142
H2BC4	156
H2BC5	142
H2BC6	79
H2BC7	76
H2BC8	80
H2BC9	142
H2BS1	133
H2BU1	133
H3-3B	192
H3C10	76
H3C11	75
H3C14	85
H3C2	77
H3C3	83
H3C4	74
H3C6	82
H3C7	77
H3C8	75
H4-16	94
H4C1	94
H4C11	94
H4C12	93
H4C13	94
H4C14	97
H4C15	94
H4C2	94
H4C3	94
H4C4	94
H4C5	94
H4C6	170
H4C7	70
H4C8	94
H4C9	95
H6PD	54
HAND2	67
HAP1	13
HAPLN1	26
HBA1	76
HBA2	81
HBB	65
HBD	41
HBE1	32
HBEGF	129
HBG1	25
HBG2	21
HBM	30
HBQ1	34
HBZ	30
HCAR1	18
HCAR2	38
HCAR3	18
HCN4	57
HCRT	105
HCRTR1	29
HEATR6	5
HEBP1	15
HEMGN	30
HES5	36
HEXA	5
HEXB	5
HGF	235
HHAT	15
HHEX	27
HHIP	39
HIF1A	169
HIGD1B	4
HJURP	116
HKDC1	6
HLA-A	51
HMGA1	14
HMGA2	57
HMGCS2	16
HMMR	79
HMX2	3
HMX3	5
HNF1A	40
HNF1B	27
HNF4A	129
HOPX	18
HOXA10	41
HOXA11	32
HOXA2	66
HOXA3	64
HOXA5	31
HOXA6	20
HOXA7	25
HOXA9	43
HOXB1	49
HOXB13	22
HOXB3	24
HOXB5	24
HOXB6	23
HOXB7	34
HOXB8	25
HOXB9	26
HOXC10	31
HOXC11	26
HOXC12	6
HOXC13	15
HOXC4	62
HOXC5	9
HOXC6	25
HOXC8	36
HOXC9	33
HOXD10	22
HOXD13	18
HOXD8	22
HOXD9	12
HP	101
HPGDS	57
HPR	59
HPX	53
HRAS	131
HRG	78
HRH4	17
HRK	7
HS6ST1	14
HSD17B2	22
HSD17B6	33
HSD3B2	37
HSF4	4
HSPG2	97
HTN1	10
HTN3	12
HTR1A	108
HTR1B	82
HTR1D	63
HTR1E	55
HTR1F	49
HTR2A	93
HTR2B	65
HTR2C	95
HTR3A	84
HTR3B	67
HTR3C	48
HTR3D	44
HTR3E	47
HTR5A	45
HTR6	5
HTR7	47
IAH1	3
IAPP	65
IBSP	71
ICAM1	309
IDI1	6
IDI2	9
IER5	3
IFNE	10
IFNG	349
IFNK	9
IFNL1	15
IFNL2	16
IFNL3	13
IFNW1	8
IGF1	277
IGF1R	114
IGF2	107
IGF2BP1	28
IGF2BP2	23
IGF2BP3	21
IGFBP1	30
IGFBP3	90
IGHV3-16	20
IGHV3-43D	18
IGKV1-33	22
IGLON5	9
IHH	129
IL10	365
IL10RB	22
IL11	76
IL12A	8
IL12B	9
IL13	239
IL13RA1	31
IL13RA2	23
IL17A	235
IL17D	5
IL17F	52
IL17RB	16
IL18	190
IL1A	312
IL1B	496
IL1F10	21
IL1R1	70
IL1R2	45
IL1RAP	25
IL1RAPL2	10
IL1RL1	33
IL1RL2	23
IL1RN	71
IL2	160
IL20	7
IL22	70
IL22RA1	23
IL22RA2	23
IL23A	38
IL24	12
IL33	77
IL36A	18
IL36B	20
IL36G	41
IL36RN	40
IL37	24
IL3RA	80
IL4	151
IL5	132
IL6	551
IL6ST	45
IL7	112
IL7R	108
IL9	16
IMPA1	4
IMPA2	3
INHA	12
INHBA	24
INPP4B	6
INS	531
INSL3	37
INSL4	11
INSL5	24
INSL6	10
INSR	61
IPO13	6
IQGAP2	10
IRAK1	51
IRF6	25
IRS1	112
IRX3	38
IRX4	15
IRX6	27
ISL1	163
ISL2	11
ITGA10	6
ITGA2	68
ITGA2B	131
ITGA7	41
ITGA8	20
ITGAM	166
ITGB1	127
ITGB2	126
ITGB3	144
ITGB3BP	58
ITGB4	37
ITGB5	34
ITGB6	53
ITGB7	26
ITGB8	23
ITIH2	45
ITIH3	39
ITIH4	85
ITLN1	26
ITLN2	4
ITPR1	66
ITPR2	80
ITPR3	53
IVL	97
JPH1	13
JPH2	41
JSRP1	7
JUN	178
JUP	57
KALRN	152
KAT2A	60
KAT2B	79
KAT5	71
KCNA4	75
KCNAB1	11
KCNAB2	12
KCNAB3	9
KCNB2	45
KCND1	9
KCND2	94
KCND3	27
KCNE1	54
KCNE2	21
KCNG4	6
KCNH1	15
KCNH2	62
KCNIP2	14
KCNJ11	22
KCNJ12	52
KCNJ13	5
KCNJ18	5
KCNJ2	77
KCNJ3	37
KCNJ4	28
KCNJ5	71
KCNJ6	38
KCNK2	28
KCNMB3	11
KCNMB4	11
KCNN2	15
KCNQ2	88
KCNQ4	25
KCTD1	7
KCTD15	7
KDR	135
KEL	21
KHDRBS2	8
KHDRBS3	5
KIAA0408	6
KIAA0895L	2
KIAA0930	2
KIF11	111
KIF15	81
KIF18A	85
KIF18B	63
KIF21A	17
KIF27	15
KIF2C	94
KIF4A	87
KIF7	21
KISS1	82
KISS1R	85
KIT	195
KITLG	110
KL	36
KLB	34
KLF1	52
KLF12	3
KLHDC10	18
KLHDC2	17
KLHDC3	19
KLHL38	1
KLHL40	14
KLK10	14
KLK13	21
KLK3	65
KLK4	59
KLK5	40
KLK6	33
KLK7	32
KLK8	26
KLKB1	73
KMT5A	68
KNDC1	3
KNG1	337
KNL1	92
KRAS	237
KRCC1	2
KREMEN1	22
KRT1	70
KRT10	51
KRT13	39
KRT14	99
KRT15	42
KRT16	67
KRT17	62
KRT2	51
KRT3	31
KRT31	29
KRT33A	27
KRT33B	28
KRT34	24
KRT35	43
KRT36	18
KRT37	18
KRT38	24
KRT4	48
KRT40	19
KRT5	125
KRT6A	84
KRT6B	76
KRT6C	39
KRT7	63
KRT71	59
KRT72	29
KRT73	28
KRT74	30
KRT75	34
KRT76	38
KRT77	44
KRT78	50
KRT79	26
KRT8	87
KRT80	31
KRT81	38
KRT82	32
KRT83	36
KRT84	30
KRT85	33
KRT86	35
KRT9	27
KRTAP1-3	29
KRTAP1-4	14
KRTAP1-5	24
KRTAP10-3	1
KRTAP11-1	31
KRTAP13-3	15
KRTAP17-1	25
KRTAP19-1	21
KRTAP19-3	22
KRTAP2-1	26
KRTAP22-1	14
KRTAP3-1	29
KRTAP3-2	32
KRTAP3-3	19
KRTAP4-1	32
KRTAP4-11	21
KRTAP4-12	22
KRTAP4-2	27
KRTAP4-3	31
KRTAP4-4	24
KRTAP4-5	25
KRTAP4-6	11
KRTAP4-7	25
KRTAP4-8	25
KRTAP5-4	14
KRTAP6-2	13
KRTAP6-3	11
KRTAP9-3	26
KRTAP9-4	26
KRTAP9-8	25
KRTAP9-9	23
KRTDAP	46
KSR1	26
LAMA1	31
LAMA3	47
LAMA4	49
LAMB3	57
LAMC2	49
LBP	27
LCAT	37
LCE1A	42
LCE1B	41
LCE1C	40
LCE1D	39
LCE1E	39
LCE1F	41
LCE2A	40
LCE2B	45
LCE2C	41
LCE2D	40
LCE3A	43
LCE3B	43
LCE3C	44
LCE3D	54
LCE3E	43
LCE4A	38
LCE5A	40
LCE6A	43
LCN1	23
LCN2	155
LCT	9
LDB2	19
LDB3	33
LDLR	43
LDLRAP1	28
LEF1	207
LEFTY1	22
LEFTY2	24
LELP1	44
LENEP	2
LEP	293
LEPR	66
LFNG	11
LGALS13	4
LGALS14	1
LGALS2	9
LGALS3	103
LGALS7	18
LGALS7B	16
LGI1	37
LGI3	6
LGMN	10
LGR4	38
LGR5	75
LGR6	20
LHFPL3	5
LHFPL4	4
LHFPL6	5
LHX1	24
LHX2	83
LHX3	29
LHX5	39
LHX6	57
LHX9	37
LIF	108
LIN28A	42
LIN28B	18
LINS1	1
LIPC	78
LIPE	67
LIPF	17
LIPN	10
LITAFD	1
LIX1	5
LMF1	14
LMO1	17
LMX1A	18
LMX1B	18
LOR	100
LOX	141
LPA	55
LPAR1	50
LPAR2	66
LPAR3	73
LPAR4	23
LPAR5	65
LPAR6	24
LPCAT1	29
LPIN1	49
LPIN3	25
LPL	128
LRAT	39
LRFN4	8
LRG1	18
LRGUK	18
LRP2	66
LRP5	84
LRP6	80
LRRC18	11
LRRC4	8
LRRC46	12
LRRC4C	8
LRRC71	13
LRRN4	4
LRRTM4	7
LRTOMT	57
LSM11	5
LSP1	10
LTF	107
LUC7L	4
LUM	94
LY6D	8
LY6G6D	8
LY6G6E	2
LY6L	5
LYN	95
LYNX1	19
LYST	8
LYZ	43
MACROH2A1	61
MACROH2A2	29
MAD2L1	98
MAFB	61
MAGEA1	49
MAGEA10	31
MAGEA12	32
MAGEA2	29
MAGEA2B	29
MAGEA3	60
MAGEA4	46
MAGEA6	23
MAGEA8	8
MAGEA9	5
MAGEB16	7
MAGEC1	36
MAGEC2	37
MAGED4	17
MAGED4B	20
MAGEF1	10
MAOA	77
MAOB	74
MAP2	47
MAP3K19	14
MAP6	5
MAP6D1	6
MAPK1	137
MAPK11	62
MAPK12	53
MAPK13	54
MAPK14	98
MAPK3	214
MAPK8IP2	10
MAPK9	61
MARCKS	22
MARCKSL1	8
MARK3	25
MAS1L	7
MASP1	49
MASP2	52
MATN3	20
MBIP	9
MBL2	73
MBOAT4	15
MC1R	31
MC2R	32
MC3R	25
MCEMP1	8
MCHR1	118
MCHR2	115
MCM10	76
MCOLN1	27
MDFI	4
MDFIC	4
MDM1	2
MDM2	61
MED1	61
MEIS1	44
MEIS2	60
MELK	79
MEPE	19
MESP2	15
MET	96
MFAP5	7
MFNG	5
MGAT4D	13
MGST1	37
MGST2	34
MGST3	34
MICA	3
MIOX	33
MIPOL1	14
MIS12	34
MIS18A	59
MIS18BP1	51
MITF	29
MKRN1	9
MKRN3	8
MLANA	10
MLH1	50
MLH3	30
MLN	86
MLNR	61
MME	78
MMP1	197
MMP10	47
MMP11	30
MMP12	95
MMP13	155
MMP14	105
MMP16	22
MMP19	22
MMP2	216
MMP20	32
MMP3	216
MMP7	127
MMP8	89
MMP9	415
MND1	87
MNS1	31
MOGAT1	21
MOGAT2	15
MOGAT3	13
MORN2	1
MORN5	17
MPG	12
MPL	51
MPO	162
MRGPRD	9
MRPS11	42
MS4A12	9
MS4A3	15
MS4A5	3
MS4A6E	5
MSLN	45
MSMB	11
MSX1	89
MSX2	54
MTHFR	71
MTNR1A	33
MTNR1B	36
MUC5AC	35
MUC5B	34
MUCL3	6
MVD	7
MYBL2	71
MYBPC3	51
MYC	194
MYF6	11
MYH13	12
MYH14	9
MYH2	25
MYH3	28
MYH6	65
MYH7	69
MYL1	37
MYL2	71
MYL3	60
MYL4	27
MYLK2	40
MYLK3	6
MYO10	9
MYO15A	27
MYO1A	13
MYO3A	19
MYO6	35
MYO7A	48
MYO7B	7
MYOC	27
MYOT	40
MYOZ2	42
MYPN	32
NAT2	42
NCAM1	122
NCAPD3	64
NCAPG	82
NCAPG2	98
NCAPH	81
NCOA1	49
NCOA2	63
NCOA3	48
NCOA6	49
NDC80	98
NDST1	23
NDST2	11
NEB	42
NEDD4	38
NEIL1	12
NEIL2	7
NEIL3	111
NEK2	85
NES	82
NETO1	8
NEUROD1	115
NEUROG1	66
NEUROG2	69
NEUROG3	42
NFATC1	70
NFATC4	25
NFKB1	175
NFKBIA	108
NFKBIZ	27
NGEF	9
NGF	137
NGFR	73
NID1	87
NIPAL3	1
NIPAL4	11
NKAIN1	2
NKG7	25
NKX2-1	89
NKX2-2	56
NKX2-5	62
NKX3-2	26
NKX6-1	40
NKX6-2	42
NLGN2	22
NMB	77
NMBR	64
NMS	136
NMU	152
NMUR1	132
NMUR2	128
NOG	75
NOMO1	3
NOMO3	2
NOP2	7
NOS1	74
NOS2	60
NOS3	108
NOTUM	38
NOX4	58
NOX5	13
NPB	67
NPBWR1	57
NPBWR2	58
NPFF	44
NPFFR1	27
NPFFR2	21
NPM1	69
NPPA	81
NPPB	40
NPPC	23
NPR2	22
NPR3	20
NPS	114
NPSR1	104
NPTX2	14
NPVF	31
NPW	59
NPY	191
NPY1R	96
NPY2R	85
NPY4R	48
NPY5R	58
NR0B1	32
NR0B2	69
NR1H3	41
NR1H4	71
NR1I2	53
NR1I3	22
NR2E1	22
NR2E3	14
NR2F1	27
NR2F2	40
NR4A1	44
NR5A1	47
NR5A2	73
NRG1	44
NRG2	25
NRG3	28
NRG4	21
NRGN	14
NRP1	66
NRP2	24
NRXN1	64
NRXN2	27
NRXN3	32
NSL1	22
NSMCE1	18
NSMCE2	17
NSMCE4A	17
NSMF	14
NTHL1	14
NTN4	5
NTNG1	15
NTPCR	15
NTRK1	95
NTRK2	148
NTS	113
NTSR1	60
NTSR2	47
NUDT9	8
NUF2	98
NXPH4	4
OCLM	3
ODAM	30
ODF4	4
OIP5	85
OLFM2	38
OLFM3	34
OLIG2	71
ONECUT1	40
ONECUT3	3
OPN1LW	30
OPN1SW	35
OPRD1	88
OPRM1	168
OR11H4	6
OR1K1	14
OR2M7	5
OR2W3	14
OR4A5	12
OR4C12	13
OR51E1	7
OR52L1	13
OR52N5	13
OR52W1	18
OR56B4	3
OR5AK2	1
OR6K3	14
OR6T1	14
OR7G3	7
OR9A2	3
ORAI1	30
ORAI2	22
ORAI3	24
ORC1	106
ORC3	41
ORM1	84
ORM2	52
OSBP2	19
OSGEP	8
OSM	72
OSR2	20
OTC	31
OTOF	20
OTP	19
OTX1	33
OTX2	132
OVCH1	4
OVCH2	3
OVOL1	6
OXCT1	7
OXCT2	7
OXT	124
OXTR	85
P2RX2	8
P2RY11	45
P2RY12	82
P2RY14	20
P2RY2	23
P3H3	39
PACRG	38
PADI1	7
PADI3	10
PAH	27
PANX2	9
PARVB	17
PASD1	26
PATE3	4
PAX1	29
PAX2	68
PAX3	79
PAX4	35
PAX6	180
PAX8	65
PAX9	44
PBK	83
PBX1	51
PBX2	32
PBX3	25
PBX4	19
PCARE	11
PCDH15	42
PCK1	51
PCLAF	66
PCOLCE	37
PCP2	171
PCP4	8
PCSK1N	19
PCSK2	39
PCYOX1	24
PDC	20
PDCL	22
PDE1A	12
PDE1B	9
PDE1C	29
PDE4B	45
PDE4C-2	24
PDE4D	56
PDE5A	39
PDE6A	53
PDE6B	61
PDE6C	34
PDE6G	56
PDE6H	32
PDE7A	19
PDE7B	16
PDE8A	14
PDE8B	22
PDE9A	19
PDGFRA	168
PDGFRB	112
PDPN	44
PDX1	28
PDYN	164
PDZD7	17
PEBP4	16
PECAM1	317
PENK	91
PF4	167
PF4V1	98
PGA3	9
PGC	34
PGF	88
PGLYRP1	25
PGLYRP2	3
PGLYRP3	13
PGLYRP4	7
PGM1	20
PGM2	13
PGM5	29
PGP	7
PGPEP1	5
PGR	84
PHEX	13
PHKA1	15
PHKA2	16
PHKB	16
PHKG2	17
PHOX2A	12
PI3	92
PICK1	41
PID1	10
PIFO	9
PIH1D3	30
PIK3CA	123
PIK3CD	79
PIK3R1	129
PIK3R3	72
PIK3R5	20
PIMREG	58
PIP	48
PITX1	48
PITX2	73
PITX3	21
PKD2L1	11
PKN3	3
PKP1	66
PKP2	53
PKP3	47
PKP4	35
PLA2G10	41
PLA2G12A	30
PLA2G12B	38
PLA2G1B	46
PLA2G2A	53
PLA2G2C	24
PLA2G2D	33
PLA2G2E	31
PLA2G2F	30
PLA2G3	52
PLA2G4A	49
PLA2G5	30
PLA2G6	41
PLA2R1	9
PLAC1	10
PLAG1	3
PLAT	155
PLAU	169
PLAUR	68
PLB1	32
PLCB1	200
PLCB2	182
PLCB3	174
PLCL1	6
PLEC	50
PLG	236
PLGRKT	15
PLIN1	57
PLK1	132
PLK3	8
PLOD1	38
PLPP4	12
PLPP5	12
PMCH	144
PMEL	33
PMF1-BGLAP	10
PMVK	6
PNCK	14
PNLIP	32
PNLIPRP1	14
PNLIPRP3	12
PNMA5	4
PNOC	92
PNPLA1	10
PNPLA4	15
POM121L1P	4
POMC	324
POMT1	19
POMT2	19
PORCN	52
POSTN	122
POT1	55
POU1F1	33
POU3F2	54
POU4F1	55
POU4F2	29
POU5F1	123
PPARA	154
PPARD	88
PPARG	248
PPARGC1A	89
PPBP	140
PPL	64
PPP1CB	55
PPP1CC	54
PPP1R1A	17
PPP1R1B	39
PPP1R3B	16
PPP1R3C	16
PPP1R3D	15
PPP1R3E	16
PPP1R3F	15
PPP2R1B	52
PPP2R2C	45
PPP2R2D	43
PPP2R3A	34
PPP2R3B	34
PPP2R3C	26
PPP2R5B	39
PPP2R5C	42
PPP2R5D	39
PPP3CA	50
PPP3CB	34
PPP3CC	30
PPP3R1	35
PPP4R3C	13
PPY	86
PRAC1	2
PRAME	63
PRKACA	176
PRKACB	167
PRKACG	167
PRKCA	188
PRKCB	82
PRKCD	78
PRKCG	73
PRKG1	45
PRKG2	35
PRL	57
PRLH	33
PRLHR	2
PRNP	26
PROC	60
PROK1	66
PROK2	94
PROKR1	69
PROKR2	82
PRPH2	14
PRR18	2
PRR27	5
PRR4	12
PRR5-ARHGAP8	5
PRRT2	17
PRRX2	13
PRSS1	40
PRTN3	75
PSAP	65
PTCH1	85
PTCH2	23
PTEN	141
PTF1A	41
PTGER3	67
PTGS2	170
PTH	99
PTH1R	23
PTHLH	56
PTK2B	57
PTK6	15
PTPA	18
PTPN11	109
PTPN12	20
PTPN5	21
PTPN7	15
PTPRC	170
PTPRK	21
PTPRN	15
PTPRN2	15
PTPRR	12
PTPRZ1	37
PTS	32
PTX3	63
PVALB	128
PXDN	291
PXDNL	272
PXK	1
PYGM	42
PYHIN1	3
PYY	123
QRFP	51
QRFPR	17
RAB2A	11
RAB3A	19
RAD21	87
RAD51	114
RAD51AP1	76
RAD52	3
RAET1E	2
RAET1G	5
RAET1L	5
RARA	85
RARB	62
RARG	16
RARRES2	46
RASGRF1	52
RASGRF2	62
RASGRP1	32
RBBP4	108
RBFOX3	54
RBP1	15
RBP2	24
RBP3	14
RBP4	69
RBP5	2
RBPMS	12
RCAN1	16
RCVRN	84
RD3L	17
RDH10	12
RDH11	10
RDH16	5
RDH5	6
RDM1	8
REG3G	4
REG4	8
RENBP	5
RET	60
RETN	114
RETSAT	10
RFNG	4
RFX6	24
RGR	23
RGS16	65
RGS9	24
RGS9BP	28
RHAG	31
RHBG	4
RHCE	11
RHCG	11
RHO	52
RIC3	15
RIC8B	19
RILP	5
RIPPLY2	6
RIT2	7
RLBP1	20
RLN1	14
RLN2	22
RLN3	61
RNASE12	18
RNASE3	35
RNF141	2
RNF43	36
ROBO1	11
ROM1	34
RPE65	37
RPS10	40
RPS11	45
RPS13	44
RPS14	48
RPS15	42
RPS16	45
RPS17	41
RPS18	47
RPS19	46
RPS2	45
RPS20	45
RPS21	41
RPS23	46
RPS24	45
RPS25	42
RPS26	42
RPS27A	117
RPS28	44
RPS29	43
RPS3A	43
RPS4X	43
RPS4Y1	40
RPS4Y2	40
RPS5	44
RPS6	57
RPS7	42
RPS8	42
RPS9	44
RPSA	50
RPTN	58
RRH	25
RS1	8
RSPH4A	29
RSPO1	76
RSPO2	42
RSPO3	45
RSPO4	18
RTF1	45
RUNX2	213
RXFP1	37
RXFP2	26
RXFP3	26
RXFP4	23
RXRA	78
RXRB	28
RXRG	34
RYR1	107
RYR2	139
S100A1	31
S100A10	35
S100A12	74
S100A13	17
S100A14	16
S100A3	17
S100A6	40
S100A7	69
S100A7A	24
S100A8	34
S100B	56
S100G	24
S100P	3
SAA1	172
SAA2	93
SAA2-SAA4	30
SAA4	44
SAG	83
SALL1	26
SALL4	62
SAMD5	3
SATB2	45
SBDS	9
SBSN	40
SCAMP2	4
SCARA5	10
SCARB1	204
SCARB2	186
SCEL	31
SCG2	30
SCG3	14
SCG5	15
SCGB1A1	43
SCGB2A1	13
SCGB2A2	5
SCGB3A1	7
SCGB3A2	24
SCN10A	30
SCN1A	53
SCN1B	42
SCN2A	62
SCN4A	40
SCN4B	31
SCN5A	68
SCN9A	29
SCTR	16
SCUBE1	3
SCUBE2	15
SDC1	93
SDC4	49
SDR9C7	23
SEC14L3	1
SEC14L4	2
SELE	112
SELENBP1	16
SELL	114
SELP	129
SELPLG	74
SEMA3A	24
SEMG1	7
SEMG2	4
SERPINA1	104
SERPINA10	27
SERPINA12	19
SERPINA4	37
SERPINA5	54
SERPINB12	17
SERPINB13	33
SERPINB2	36
SERPINB3	35
SERPINB4	32
SERPINB5	51
SERPINC1	135
SERPIND1	88
SERPINE1	262
SERPINF1	71
SERPINF2	82
SERPING1	71
SERPINH1	57
SERPINI2	7
SERTAD2	4
SERTAD4	9
SERTM1	3
SFN	41
SFRP1	89
SFRP2	34
SFRP5	51
SFT2D1	3
SFTA2	8
SFTA3	12
SFTPA1	26
SFTPA2	21
SFTPC	54
SFTPD	39
SGCA	47
SGCB	34
SGCD	57
SGCG	36
SGCZ	21
SGO1	91
SGO2	64
SH2D7	17
SH3GL2	34
SH3GL3	20
SHC1	100
SHCBP1	75
SHE	2
SHF	2
SHH	292
SHISA6	41
SHISA7	39
SHISA8	37
SHISA9	42
SHISAL2B	13
SHOX2	26
SIGIRR	17
SIGLEC5	12
SIGMAR1	22
SIK2	2
SIM2	6
SIX1	40
SIX2	24
SIX3	72
SIX6	30
SKA1	83
SKA3	80
SLC12A5	34
SLC16A3	14
SLC16A4	12
SLC17A6	108
SLC17A7	112
SLC17A8	28
SLC18A3	28
SLC18B1	2
SLC1A2	56
SLC24A2	3
SLC25A37	20
SLC25A38	4
SLC25A39	18
SLC25A4	28
SLC25A48	2
SLC25A53	2
SLC26A3	13
SLC26A4	41
SLC27A6	7
SLC2A4	83
SLC30A8	22
SLC32A1	86
SLC35F1	4
SLC46A2	3
SLC49A4	8
SLC4A1	62
SLC4A11	3
SLC4A4	9
SLC4A7	14
SLC51A	14
SLC51B	12
SLC5A5	11
SLC6A1	47
SLC6A2	47
SLC6A3	100
SLC6A4	114
SLC9A1	23
SLC9A3	20
SLCO1A2	39
SLFN12L	1
SLN	18
SLURP1	29
SLURP2	16
SMAD1	14
SMAD2	147
SMAD3	135
SMC3	80
SMCO1	3
SMIM21	15
SMIM9	2
SMO	78
SNAI1	116
SNAI2	114
SNAP25	109
SNAP91	16
SNTA1	55
SNTB1	27
SNTB2	24
SNTG1	26
SNTG2	23
SNTN	21
SOGA3	2
SORD	27
SOX1	60
SOX10	122
SOX17	62
SOX2	286
SOX3	50
SOX6	32
SOX8	9
SOX9	265
SP7	102
SP8	29
SPACA9	28
SPAG17	12
SPAG5	79
SPAG8	32
SPANXA1	23
SPANXA2	20
SPANXC	23
SPANXD	3
SPARC	109
SPARCL1	24
SPATA12	13
SPATA31E1	4
SPATA9	3
SPATC1	6
SPC24	69
SPC25	80
SPCS1	7
SPDYA	2
SPDYE1	5
SPDYE2	4
SPDYE2B	5
SPDYE4	18
SPEM1	5
SPINK4	5
SPINK5	49
SPINK7	17
SPINK9	7
SPINT1	12
SPINT2	15
SPOCK1	14
SPP1	217
SPP2	22
SPRR1A	79
SPRR1B	90
SPRR2A	65
SPRR2B	80
SPRR2D	65
SPRR2E	61
SPRR2F	54
SPRR2G	64
SPRR3	90
SPRR4	43
SPTA1	50
SPX	17
SRC	428
SRD5A1	17
SRD5A3	14
SREBF1	80
SRI	15
SSBP3	9
SSBP4	9
SSPN	27
SST	244
SSTR1	75
SSTR2	96
SSTR3	64
SSTR4	67
SSTR5	78
SSX1	26
SSX2	38
SSX2B	22
SSX4	20
SSX4B	18
SSX5	6
STAB2	12
STAC2	2
STAC3	33
STAR	37
STAT3	202
STATH	26
STAU2	5
STH	13
STIM1	54
STIM2	24
STK19	3
STK3	8
STK36	16
STOML3	13
STRA6	30
STRC	17
STRN	20
STRN4	11
STS	39
STX1A	41
STXBP5	20
SUCNR1	23
SUFU	29
SULF1	31
SULT1B1	37
SULT1C3	33
SULT1C4	33
SULT1E1	20
SULT2A1	35
SULT2B1	26
SVBP	7
SYCP1	41
SYCP3	48
SYK	96
SYN1	87
SYN2	40
SYN3	70
SYNDIG1L	9
SYP	63
SYT1	31
SYT12	11
SYT2	21
SYT4	28
TAC1	142
TAC3	72
TAFA5	3
TAL2	11
TAS2R16	21
TAS2R19	20
TAS2R20	25
TAS2R3	24
TAS2R31	25
TAS2R38	31
TAS2R40	24
TAS2R60	22
TAS2R7	25
TAS2R8	24
TAS2R9	25
TBCC	5
TBR1	63
TBX1	32
TBX10	9
TBX18	21
TBX19	9
TBX2	30
TBX20	16
TBX22	8
TBX3	69
TBX5	54
TBX6	36
TCAP	55
TCF21	12
TCN1	23
TCP11L1	3
TCTEX1D1	8
TDRD10	2
TEK	87
TEKT1	64
TEKT2	36
TEKT3	33
TEKT4	32
TEN1	4
TERF1	47
TERF2	47
TERF2IP	45
TERT	84
TEX35	5
TEX37	2
TEX43	7
TFAP2B	19
TFAP2C	33
TFAP2D	10
TFAP2E	10
TFF1	6
TFF2	10
TFPI	55
TG	44
TGFA	145
TGFB1	402
TGFB2	128
TGFB3	130
TGM1	87
TGM3	33
TH	158
THAP2	1
THBD	117
THBS1	232
THBS2	71
THPO	64
THRA	24
THRB	28
THRSP	15
TIE1	45
TIMD4	19
TIMP1	183
TIMP2	114
TIMP3	101
TIMP4	33
TINCR	4
TINF2	44
TLL2	18
TLR2	145
TLR4	207
TLX2	5
TMC1	14
TMEM108	2
TMEM109	4
TMEM132C	7
TMEM18	4
TMEM212	16
TMEM215	1
TMEM233	2
TMEM249	27
TMEM252	2
TMEM26	7
TMEM262	27
TMEM273	2
TMEM30A	7
TMEM30B	7
TMEM52	1
TMEM79	2
TMEM82	2
TMEM86B	15
TMIE	18
TMIGD1	6
TMOD1	44
TMOD3	22
TMPRSS11A	9
TMPRSS11D	16
TMPRSS11E	7
TMPRSS2	48
TMPRSS4	27
TNF	557
TNFSF11	121
TNMD	28
TNNC1	29
TNNC2	46
TNNI1	31
TNNI2	39
TNNI3	96
TNNT1	31
TNNT3	21
TNR	17
TOP2A	119
TP53	354
TP63	35
TPH1	63
TPH2	43
TPK1	4
TPM1	52
TPO	20
TPX2	80
TRABD2A	4
TRAK2	7
TRDN	42
TREM1	16
TREML1	19
TRH	113
TRHDE	2
TRHR	78
TRIM10	15
TRIM29	16
TRIM32	10
TRIM58	26
TRIM71	12
TRIM72	9
TRIO	96
TRIP6	6
TRMO	5
TROAP	55
TRPA1	54
TRPC1	49
TRPC3	40
TRPC4	37
TRPC5	37
TRPC6	47
TRPM4	42
TRPM8	50
TRPV1	73
TRPV2	52
TRPV3	29
TRPV4	53
TRPV5	31
TRPV6	32
TRRAP	50
TSHB	22
TSHR	19
TSLP	16
TSPAN16	12
TSPAN19	4
TSPAN7	8
TSPO2	13
TTC29	25
TTK	80
TTL	7
TTN	132
TUBA1A	57
TUBA4B	14
TUBB1	17
TUBB3	73
TUBB4A	34
TUBB4B	52
TUBGCP3	10
TWIST1	100
TYMS	79
TYR	100
U3KQP1_HUMAN	3
UBA52	119
UBR4	8
UBTD2	3
UCMA	6
UCN	28
UCN2	8
UCN3	23
UCP1	63
UGDH	23
UGT1A1	62
UGT1A10	69
UGT1A3	49
UGT1A4	67
UGT1A5	40
UGT1A6	62
UGT1A7	68
UGT1A8	70
UGT1A9	57
UGT2A2	40
UGT2A3	45
UGT2B10	52
UGT2B11	43
UGT2B15	46
UGT2B17	44
UGT2B28	40
UGT2B4	45
UGT2B7	51
UNC13A	23
UNC13B	16
UNC5D	9
UNG	23
UPK1B	15
UPK2	4
UPK3B	7
UROS	9
USH1C	18
USH1G	26
USH2A	22
USP38	7
UTP25	7
UTRN	38
UTS2	68
UTS2B	65
UTS2R	64
VASH1	12
VASH2	6
VASN	8
VCAM1	202
VCAN	61
VCX2	6
VEGFB	68
VEGFC	89
VEGFD	72
VGF	30
VIP	102
VPS18	3
VRTN	2
VSX2	56
VTN	138
VWA3A	7
VWC2	41
VWC2L	38
VWF	221
WDPCP	5
WDR5	90
WFDC11	1
WFDC12	15
WFDC3	2
WFDC5	17
WHRN	19
WIF1	54
WNT1	100
WNT10A	43
WNT10B	53
WNT11	93
WNT2	84
WNT2B	56
WNT3	71
WNT3A	118
WNT4	92
WNT5A	169
WNT5B	52
WNT6	54
WNT7A	60
WNT7B	55
WNT8A	45
WNT8B	57
WNT9A	45
WNT9B	49
WRAP53	11
WT1	75
WWTR1	19
XAGE1A	29
XAGE1B	11
XAGE2	6
XAGE3	4
XCL1	85
XCL2	61
XCR1	92
XIRP2	16
XK	10
XPR1	46
XRCC5	64
XRCC6	76
YAF2	3
YDJC	2
YTHDF1	12
YWHAZ	50
ZBED3	3
ZDHHC4	1
ZER1	19
ZFP1	4
ZFP3	1
ZG16	11
ZG16B	10
ZHX2	9
ZIC1	56
ZIC2	41
ZIC3	32
ZIC5	5
ZNF141	2
ZNF208	2
ZNF214	1
ZNF217	12
ZNF251	2
ZNF263	7
ZNF280A	4
ZNF426	2
ZNF442	1
ZNF491	1
ZNF676	2
ZNF695	1
ZNF750	2
ZNF80	4
ZNRF3	31
ZSWIM4	17
ZSWIM5	17
ZSWIM6	17
ZYG11A	17
ZYG11B	18
hCG_2039566	29
APLP2	18
COL17A1	70
CYP3A4	131
ALOX12B	12
SFTPB	31
B4GALT3	9
PRG4	29
CTC1	9
ECE2-2	7
CD59	58
CHRNE	18
SNCA	162
TFAP2A	68
GCLC	26
TNNT2	61
GDF10	6
TSPAN33	11
GSTCD	8
FAM228B	4
MAB21L3	3
TMEM45A	4
ADCY7	76
CCDC149	2
CFAP54	9
TEX38	2
LRIT3	12
LHFPL5	17
ENPP1	25
UCP2	58
LOXHD1	6
M0QYG6_HUMAN	1
C18orf63	3
MC5R	9
FFAR2	22
GPR55	13
TAS2R30	24
BCL2L10	9
FAM13C	3
BCL11A	17
WDR38	17
TMEM100	4
PERP	21
SRD5A2	21
PIK3R6	19
CA5A	8
FOLR3	14
IGKV1D-33	22
CRABP2	14
LPP	6
PDE8B-2	4
RBM15B	5
DSPP	17
CEMP1	6
IGKV2D-40	28
ODAPH	6
FAM180A	1
RYR3	22
SGCE	25
ANKRD66	11
SYT14	6
S100A2	35
ENSP00000370980	2
NR1H2	23
SNCG	8
TMEM52B	2
NUSAP1	79
MAFIP	5
OPN1MW	32
OPN1MW3	2
OR2T35	12
OR2T8	4
OR4D9	14
OR4N5	12
OR52N1	13
OR56A5	13
OR5AU1	5
OR6C1	13
OR6N1	14
ARSH	5
CTXND1	1
DBX1	20
HELT	2
NAT1	8
ATP8B1	9
LRRC74B	2
HMGCLL1	5
CHST9	8
PGGHG	4
BEX2	9
NBEAL2	10
DHH	38
GREM1	23
TBX4	33
HOXA13	29
ALX4	13
LDB1	24
GABRR3	12
C5orf47	3
PTPRQ	1
SMIM17	17
GKN1	9
TCHH	80
IGFL2	1
C6orf120	2
RNASE11	2
CATSPERZ	27
DAOA	13
KCNMB2	11
KCNN4	31
GSG1L2	2
SDF4	19
CAPN5	9
MIP	10
PPP3R2	23
TC2N	5
PMIS2	2
MTRNR2L4	1
OXNAD1	2
CBLB	14
PRDM6	3
CBY3	1
CYLC2	2
KCTD4	2
SLC22A24	4
SPATA45	8
TMEM210	2
CMTM1	10
PITRM1	3
C14orf180	2
CSAG2	23
CSAG3	22
SPDYC	2
SPDYE11	4
SPDYE16	1
SPDYE3	1
SPDYE5	4
SPDYE6	3
CCHCR1	7
OTOA	15
MAGEB6	2
CHID1	7
NAGK	8
PHGR1	3
CLDN24	10
NDP	28
CCBE1	9
PI16	6
SMIM3	14
C11orf97	2
DENND2B	3
CPPED1	3
SMR3B	13
CST9	5
GAGE12F	20
RPS27	42
CAP1	3
DEFB133	5
BPIFA3	4
FOXL3	1
C7orf77	7
DNASE2B	3
ZNF418	1
DUSP7	1
EBP	7
EPHB6	13
IL19	13
PTPRH	4
SPINK6	8
STAP2	4
FAM122B	4
HR	1
PRAMEF18	1
FADS6	5
GPR42	3
OPTC	4
HNF4G	5
DIXDC1	2
FAM122C	2
SMG7	9
NPRL3	7
FOXI3	4
ZNF280B	4
PANX3	2
ANKRD13B	2
OR2A7	5
OR56A3	3
ZNF277	1
ZNF362	2
ENSP00000497509	14
ENSP00000496470	6
MS4A15	3
AP1S3	3
PRAC2	4
ZNF813	1
USP10	9
DACH2	1
C10orf99	1
TMEM207	1
KCNH6	3
ZNF540	1
ABHD18	1
ZNF628	1
KLK9	5
KRTAP7-1	25
C20orf141	1
INSYN1	2
AGAP6	1
TIGD5	1
TRIM69	2
TSPYL4	1
EID1	2
GDPGP1	2
TMEM174	1
TNFAIP8	3
MUC22	2
SPANXN2	1
CPAMD8	2
GTF3A	2
LOC112577516	1
CADPS2	2
LBHD1	1
NRSN2	1
FAM161B	2
FAM214A	1
SLC4A1AP	2
H7C0S8_HUMAN	1
KRTAP10-9	1
CYB561D2	1
PCDHGA1	1
CDK5R2	3
RESP18	1
C16orf89	1
ZP3	4
NOMO2	1
TEX28	1
ZIK1	2
ZNF114	2
HMX1	1
ARHGAP8	3
C14orf93	1
LACTBL1	1
ANKRD42	1
UPK1A	4
CCDC196	1
SLC25A52	1
ZFP37	1
TMEM139	1
PROX2	2
PRRT1B	2
STMND1	1
CYREN	1
PHLDB1	1
PLEKHS1	1
TENT2	1
TMEM221	1
ZBED5	1
SPTY2D1OS	1
FAM240A	1
ZNF177	1
TCAF1	1
TCAF2	1
TCAF2C	1
ERVV-1	1
FAM222B	1
